Time[ms],HR[bpm]
833,52.63158000000001
867,52.94118
900,50.70422
933,50.70422
967,50.70422
1000,50.70422
1033,50.70422
1067,50.70422
1100,49.18033
1133,49.18033
1167,49.18033
1200,49.18033
1233,49.18033
1267,49.18033
1300,49.18033
1333,49.18033
1367,49.18033
1400,49.18033
1433,49.18033
1467,49.18033
1500,49.18033
1533,49.18033
1567,49.18033
1600,49.18033
1633,49.18033
1667,49.18033
1700,49.18033
1733,49.18033
1767,49.45055
1800,49.45055
1833,49.45055
1867,48.32215
1900,48.32215
1933,48.32215
1967,48.32215
2000,48.32215
2033,48.32215
2067,48.32215
2100,48.32215
2133,50.0
2167,50.27933
2200,50.27933
2233,50.27933
2267,50.27933
2300,50.27933
2333,50.27933
2367,50.27933
2400,50.27933
2433,50.27933
2467,50.27933
2500,50.27933
2533,50.27933
2567,50.27933
2600,50.27933
2633,50.27933
2667,50.27933
2700,50.27933
2733,50.27933
2767,50.27933
2800,50.27933
2833,50.27933
2867,50.27933
2900,50.27933
2933,50.27933
2967,54.961830000000006
3000,54.961830000000006
3033,54.961830000000006
3067,54.961830000000006
3100,57.32484
3133,57.32484
3167,57.32484
3200,57.32484
3233,57.69231
3267,57.69231
3300,57.69231
3333,57.69231
3367,57.69231
3400,57.69231
3433,57.69231
3467,57.69231
3500,57.69231
3533,57.69231
3567,57.69231
3600,57.69231
3633,61.01695
3667,61.01695
3700,61.01695
3733,61.01695
3767,61.01695
3800,61.01695
3833,61.01695
3867,61.01695
3900,61.01695
3933,61.01695
3967,61.01695
4000,61.01695
4033,61.01695
4067,61.01695
4100,61.01695
4133,61.01695
4167,61.01695
4200,61.01695
4233,61.01695
4267,61.01695
4300,61.01695
4333,61.01695
4367,61.01695
4400,61.01695
4433,61.01695
4467,59.21053000000001
4500,59.21053000000001
4533,59.21053000000001
4567,60.0
4600,60.0
4633,60.0
4667,60.0
4700,60.0
4733,60.0
4767,60.0
4800,60.0
4833,60.0
4867,60.0
4900,60.0
4933,60.0
4967,60.0
5000,60.0
5033,60.0
5067,60.0
5100,60.0
5133,60.0
5167,60.0
5200,60.0
5233,60.0
5267,60.0
5300,60.0
5333,60.0
5367,60.0
5400,62.06896999999999
5433,62.06896999999999
5467,62.06896999999999
5500,62.7907
5533,62.7907
5567,62.7907
5600,62.7907
5633,62.7907
5667,62.7907
5700,62.7907
5733,62.7907
5767,62.7907
5800,62.42775
5833,62.42775
5867,62.42775
5900,62.42775
5933,62.42775
5967,62.42775
6000,62.42775
6033,62.42775
6067,62.42775
6100,62.42775
6133,62.42775
6167,62.42775
6200,62.42775
6233,62.42775
6267,62.42775
6300,62.42775
6333,62.42775
6367,62.42775
6400,62.42775
6433,62.42775
6467,62.42775
6500,62.42775
6533,62.42775
6567,65.85365999999999
6600,65.85365999999999
6633,65.85365999999999
6667,65.06024000000001
6700,65.85365999999999
6733,65.85365999999999
6767,65.85365999999999
6800,65.85365999999999
6833,65.85365999999999
6867,65.85365999999999
6900,65.85365999999999
6933,65.85365999999999
6967,65.85365999999999
7000,65.85365999999999
7033,65.85365999999999
7067,65.85365999999999
7100,65.85365999999999
7133,65.85365999999999
7167,65.85365999999999
7200,65.85365999999999
7233,65.85365999999999
7267,65.85365999999999
7300,65.85365999999999
7333,65.85365999999999
7367,65.85365999999999
7400,65.85365999999999
7433,65.85365999999999
7467,65.85365999999999
7500,65.625
7533,65.625
7567,65.625
7600,65.625
7633,65.625
7667,65.625
7700,65.625
7733,65.625
7767,65.625
7800,65.625
7833,65.625
7867,65.625
7900,65.625
7933,66.66666
7967,66.66666
8000,66.66666
8033,66.66666
8067,66.66666
8100,66.66666
8133,66.66666
8167,66.66666
8200,66.66666
8233,67.08074
8267,67.08074
8300,67.08074
8333,67.08074
8367,67.08074
8400,66.66666
8433,66.66666
8467,66.66666
8500,66.66666
8533,66.66666
8567,66.66666
8600,66.66666
8633,66.66666
8667,66.66666
8700,66.66666
8733,66.66666
8767,66.66666
8800,66.66666
8833,66.66666
8867,66.66666
8900,66.66666
8933,65.85365999999999
8967,65.85365999999999
9000,65.85365999999999
9033,65.85365999999999
9067,65.85365999999999
9100,65.85365999999999
9133,65.85365999999999
9167,62.93706
9200,62.93706
9233,62.93706
9267,62.93706
9300,62.93706
9333,62.93706
9367,62.93706
9400,62.93706
9433,62.93706
9467,62.93706
9500,64.28571
9533,64.28571
9567,64.28571
9600,64.28571
9633,64.28571
9667,64.28571
9700,64.28571
9733,64.28571
9767,64.28571
9800,64.28571
9833,64.28571
9867,64.28571
9900,64.28571
9933,64.28571
9967,64.28571
10000,64.28571
10033,64.28571
10067,64.28571
10100,64.28571
10133,64.28571
10167,64.28571
10200,64.28571
10233,64.28571
10267,64.28571
10300,64.28571
10333,64.28571
10367,64.28571
10400,64.28571
10433,64.28571
10467,64.28571
10500,62.42775
10533,62.42775
10567,62.42775
10600,62.42775
10633,62.42775
10667,62.42775
10700,62.42775
10733,62.42775
10767,62.42775
10800,62.42775
10833,62.42775
10867,62.42775
10900,62.42775
10933,62.42775
10967,62.42775
11000,62.7907
11033,62.7907
11067,62.7907
11100,62.7907
11133,62.7907
11167,62.7907
11200,62.7907
11233,62.7907
11267,62.7907
11300,65.625
11333,65.625
11367,65.625
11400,65.45454000000001
11433,65.45454000000001
11467,65.45454000000001
11500,65.45454000000001
11533,65.45454000000001
11567,65.45454000000001
11600,65.85365999999999
11633,65.85365999999999
11667,65.85365999999999
11700,65.85365999999999
11733,65.85365999999999
11767,65.85365999999999
11800,65.85365999999999
11833,65.85365999999999
11867,65.85365999999999
11900,65.625
11933,65.625
11967,65.625
12000,65.625
12033,65.625
12067,65.625
12100,65.625
12133,65.625
12167,65.625
12200,65.625
12233,65.625
12267,65.625
12300,65.625
12333,67.5
12367,67.5
12400,67.5
12433,67.5
12467,67.5
12500,67.5
12533,67.5
12567,67.5
12600,67.5
12633,67.5
12667,67.5
12700,67.5
12733,67.5
12767,67.5
12800,67.37968000000001
12833,67.37968000000001
12867,67.37968000000001
12900,67.37968000000001
12933,67.37968000000001
12967,67.37968000000001
13000,67.37968000000001
13033,67.37968000000001
13067,67.37968000000001
13100,67.74194
13133,67.74194
13167,67.74194
13200,67.74194
13233,67.74194
13267,67.74194
13300,67.74194
13333,67.74194
13367,67.74194
13400,67.92453
13433,67.92453
13467,67.92453
13500,67.92453
13533,67.92453
13567,67.92453
13600,68.47825999999999
13633,68.47825999999999
13667,68.47825999999999
13700,68.47825999999999
13733,68.47825999999999
13767,68.47825999999999
13800,68.47825999999999
13833,68.47825999999999
13867,68.47825999999999
13900,68.47825999999999
13933,68.47825999999999
13967,68.47825999999999
14000,68.47825999999999
14033,68.47825999999999
14067,68.47825999999999
14100,68.47825999999999
14133,68.47825999999999
14167,68.47825999999999
14200,68.47825999999999
14233,68.47825999999999
14267,68.47825999999999
14300,69.23076999999999
14333,69.23076999999999
14367,69.23076999999999
14400,69.23076999999999
14433,69.23076999999999
14467,69.23076999999999
14500,69.23076999999999
14533,69.23076999999999
14567,69.23076999999999
14600,67.74194
14633,67.74194
14667,67.74194
14700,67.74194
14733,67.74194
14767,67.74194
14800,67.74194
14833,67.74194
14867,67.74194
14900,67.74194
14933,67.74194
14967,67.74194
15000,67.74194
15033,67.74194
15067,67.74194
15100,67.74194
15133,67.74194
15167,67.74194
15200,67.74194
15233,67.08074
15267,67.08074
15300,67.08074
15333,67.08074
15367,67.08074
15400,67.08074
15433,67.08074
15467,67.08074
15500,67.08074
15533,67.08074
15567,67.08074
15600,65.96859
15633,65.96859
15667,65.96859
15700,65.96859
15733,65.96859
15767,65.96859
15800,65.96859
15833,65.96859
15867,65.96859
15900,65.96859
15933,65.96859
15967,65.96859
16000,65.96859
16033,65.96859
16067,66.25766999999999
16100,66.25766999999999
16133,66.25766999999999
16167,66.25766999999999
16200,66.25766999999999
16233,66.25766999999999
16267,66.25766999999999
16300,66.25766999999999
16333,66.25766999999999
16367,66.25766999999999
16400,66.25766999999999
16433,66.25766999999999
16467,66.25766999999999
16500,66.25766999999999
16533,66.25766999999999
16567,66.25766999999999
16600,66.25766999999999
16633,66.25766999999999
16667,64.61539
16700,64.61539
16733,64.61539
16767,64.61539
16800,64.61539
16833,64.61539
16867,64.61539
16900,64.28571
16967,64.28571
17000,62.7907
17033,62.7907
17067,62.7907
17100,62.7907
17133,62.7907
17167,62.7907
17200,62.7907
17233,62.7907
17267,62.7907
17300,62.7907
17333,62.7907
17367,62.7907
17400,62.7907
17433,62.7907
17467,62.7907
17500,62.7907
17533,62.7907
17567,62.7907
17600,62.7907
17633,62.7907
17667,62.7907
17700,62.7907
17733,62.7907
17767,62.7907
17800,62.5
17833,62.5
17867,62.5
17900,62.5
17933,62.5
17967,62.5
18000,62.5
18033,62.5
18067,62.5
18100,62.5
18133,62.5
18167,62.5
18200,62.5
18233,56.84211
18267,62.5
18300,56.5445
18333,56.5445
18367,56.5445
18400,56.5445
18433,56.5445
18467,56.5445
18500,56.5445
18533,56.5445
18567,56.5445
18600,56.5445
18633,56.5445
18667,56.5445
18700,56.5445
18733,54.54546
18767,54.54546
18800,54.54546
18833,54.54546
18867,54.54546
18900,54.54546
18933,54.54546
18967,54.54546
19000,54.54546
19033,54.54546
19067,54.54546
19100,54.54546
19133,54.54546
19167,54.54546
19200,54.54546
19233,54.54546
19267,54.54546
19300,54.54546
19333,54.54546
19367,56.25
19400,56.25
19433,56.25
19467,56.25
19500,56.25
19533,56.25
19567,56.25
19600,53.89222
19633,53.89222
19667,53.89222
19700,53.89222
19733,53.89222
19767,53.89222
19800,53.89222
19833,53.89222
19867,53.89222
19900,57.14286
19933,57.14286
19967,57.14286
20000,57.14286
20033,56.84211
20067,56.84211
20100,56.84211
20133,56.84211
20167,56.84211
20200,56.84211
20233,56.84211
20267,56.84211
20300,56.84211
20333,56.84211
20367,56.84211
20400,56.5445
20433,55.90062
20467,55.90062
20500,61.01695
20533,61.01695
20567,61.01695
20600,61.01695
20633,61.01695
20667,61.01695
20700,61.01695
20733,61.01695
20767,60.67416
20800,60.67416
20833,60.67416
20867,60.67416
20900,60.67416
20933,60.67416
20967,60.67416
21000,60.67416
21033,65.28497
21067,65.28497
21100,65.28497
21133,65.28497
21167,65.28497
21200,65.28497
21233,74.6114
21267,74.6114
21300,74.6114
21333,74.6114
21367,74.6114
21400,74.6114
21433,75.4491
21467,75.4491
21500,75.4491
21533,75.4491
21567,86.22755
21600,86.22755
21633,86.22755
21667,87.09676999999998
21700,96.77419
21733,96.25668
21767,96.25668
21800,96.25668
21833,96.25668
21867,96.25668
21900,96.25668
21933,105.8824
21967,105.8824
22000,105.8824
22033,105.8824
22067,105.8824
22100,105.8824
22133,105.8824
22167,106.9307
22200,106.9307
22233,106.9307
22267,104.2105
22300,104.2105
22333,104.2105
22367,104.2105
22400,104.2105
22433,104.2105
22467,104.2105
22500,104.2105
22533,104.2105
22567,104.2105
22600,106.4039
22633,106.4039
22667,113.7931
22700,113.7931
22733,113.7931
22767,113.7931
22800,113.7931
22833,113.7931
22867,113.7931
22900,113.7931
22933,113.7931
22967,114.4509
23000,114.4509
23033,114.4509
23067,114.4509
23100,114.8936
23133,114.8936
23167,114.8936
23200,114.8936
23233,114.8936
23267,114.8936
23300,114.8936
23333,114.8936
23367,114.8936
23400,114.8936
23433,124.4681
23467,124.4681
23500,124.4681
23533,125.3731
23567,125.3731
23600,125.3731
23633,125.3731
23667,125.1337
23700,125.1337
23733,125.1337
23767,125.1337
23800,125.1337
23833,124.4681
23867,124.4681
23900,124.4681
23933,124.4681
23967,124.4681
24000,124.4681
24033,124.4681
24067,124.4681
24100,124.4681
24133,122.5131
24167,122.5131
24200,122.5131
24233,122.5131
24267,122.5131
24300,122.5131
24333,122.5131
24367,122.5131
24400,122.5131
24433,122.5131
24467,122.5131
24500,122.5131
24533,122.5131
24567,122.5131
24600,121.3483
24633,121.3483
24667,121.3483
24700,121.2435
24733,121.2435
24767,121.2435
24800,121.2435
24833,121.2435
24867,121.2435
24900,121.2435
24933,121.2435
24967,121.2435
25000,121.2435
25033,120.0
25067,120.0
25100,119.337
25133,119.337
25167,119.337
25200,118.6813
25233,118.6813
25267,118.6813
25300,118.6813
25333,118.6813
25367,118.6813
25400,118.6813
25467,116.4706
25500,117.1598
25533,117.1598
25567,117.1598
25600,117.1598
25633,109.6447
25667,109.6447
25700,109.6447
25733,109.6447
25767,109.6447
25800,109.6447
25833,109.6447
25867,109.6447
25900,106.4516
25933,106.4516
25967,106.4516
26000,106.4516
26033,106.4516
26067,106.4516
26100,106.4516
26133,106.4516
26167,106.4516
26200,106.4516
26233,106.4516
26267,104.6512
26300,103.125
26333,103.125
26367,93.75
26400,93.75
26433,93.75
26467,93.75
26500,93.75
26533,93.75
26567,93.75
26600,93.75
26633,93.75
26667,93.75
26700,93.75
26733,93.64162
26767,93.64162
26800,93.64162
26833,93.64162
26867,93.64162
26900,93.64162
26933,93.64162
26967,93.64162
27000,93.64162
27033,93.64162
27067,93.64162
27100,93.64162
27133,93.64162
27167,93.64162
27200,90.0
27233,90.0
27267,90.0
27300,90.0
27333,90.0
27367,87.56756999999998
27400,87.56756999999998
27433,87.56756999999998
27467,87.56756999999998
27500,87.56756999999998
27533,87.56756999999998
27567,87.56756999999998
27600,87.56756999999998
27633,87.56756999999998
27667,87.56756999999998
27700,87.56756999999998
27733,87.56756999999998
27767,87.56756999999998
27800,87.56756999999998
27833,87.56756999999998
27867,86.74699
27900,86.74699
27933,86.74699
27967,86.74699
28000,75.90361999999998
28033,75.90361999999998
28067,75.90361999999998
28100,75.90361999999998
28133,75.90361999999998
28167,73.84615
28200,73.84615
28233,73.84615
28267,73.84615
28300,73.84615
28333,73.84615
28367,73.84615
28400,73.84615
28433,73.84615
28467,73.84615
28500,70.0
28533,70.0
28567,70.0
28600,70.0
28633,70.0
28667,70.0
28700,70.0
28733,70.0
28767,70.0
28800,70.0
28833,70.0
28867,70.0
28900,70.0
28933,70.0
28967,70.58823000000002
29000,70.0
29033,70.0
29067,70.0
29100,70.0
29133,70.0
29167,70.0
29200,70.0
29233,70.0
29267,70.0
29300,70.0
29333,70.0
29367,70.0
29400,70.0
29433,70.0
29467,70.0
29500,70.0
29533,70.0
29567,70.0
29600,70.0
29633,70.0
29667,70.0
29700,70.0
29733,70.0
29767,70.58823000000002
29800,72.0
29833,72.0
29867,72.0
29900,72.0
29933,72.0
29967,71.52318000000002
30000,71.52318000000002
30033,71.52318000000002
30067,68.47825999999999
30100,77.83784
30133,77.83784
30167,77.83784
30200,77.83784
30233,77.83784
30267,77.83784
30300,77.83784
30333,77.83784
30367,77.83784
30400,77.83784
30433,77.83784
30467,77.83784
30500,77.83784
30533,77.83784
30567,77.83784
30600,77.83784
30633,77.83784
30667,77.83784
30700,77.83784
30733,78.75
30767,78.75
30800,78.75
30833,78.75
30867,78.75
30900,78.75
30933,78.75
30967,78.75
31000,76.59574
31033,76.59574
31067,76.59574
31100,76.59574
31133,76.59574
31167,76.59574
31200,76.59574
31233,76.59574
31267,76.59574
31300,76.59574
31333,76.59574
31367,76.59574
31400,76.59574
31433,76.59574
31467,76.59574
31500,76.59574
31533,76.59574
31567,77.77778
31600,77.77778
31633,77.77778
31667,77.77778
31700,77.77778
31733,77.77778
31767,77.77778
31800,77.77778
31833,77.77778
31867,77.77778
31900,77.77778
31933,77.77778
31967,77.77778
32000,77.77778
32033,77.77778
32067,74.22681
32100,74.22681
32133,77.77778
32167,77.77778
32200,77.77778
32233,77.77778
32267,72.0
32300,77.77778
32333,71.28713
32367,71.28713
32400,71.28713
32433,69.61326
32467,69.61326
32500,69.61326
32533,69.61326
32567,69.61326
32600,69.61326
32633,69.61326
32667,69.61326
32700,69.61326
32733,69.61326
32767,69.61326
32800,69.61326
32833,69.61326
32867,69.61326
32900,69.61326
32933,69.61326
32967,69.61326
33000,69.61326
33033,69.61326
33067,69.61326
33100,69.61326
33133,70.78650999999998
33167,70.78650999999998
33200,70.78650999999998
33233,70.78650999999998
33267,70.78650999999998
33300,70.78650999999998
33333,70.78650999999998
33367,70.78650999999998
33400,70.78650999999998
33433,70.78650999999998
33467,70.78650999999998
33500,70.78650999999998
33533,70.78650999999998
33567,70.78650999999998
33600,70.78650999999998
33633,70.78650999999998
33667,70.78650999999998
33700,70.78650999999998
33733,70.78650999999998
33767,70.78650999999998
33800,70.78650999999998
33833,70.78650999999998
33867,70.78650999999998
33900,71.64179
33933,71.64179
33967,71.64179
34000,71.64179
34033,73.25581
34067,73.25581
34100,73.25581
34133,73.25581
34167,73.25581
34200,73.25581
34233,73.25581
34267,73.25581
34300,73.25581
34333,73.25581
34367,73.25581
34400,73.25581
34433,73.25581
34467,73.25581
34500,73.25581
34533,73.25581
34567,73.25581
34600,73.25581
34633,73.25581
34667,73.25581
34700,73.25581
34733,73.25581
34767,73.25581
34800,73.25581
34833,73.25581
34867,73.25581
34900,73.25581
34933,73.25581
34967,73.25581
35000,72.97298
35033,72.97298
35067,72.97298
35100,72.97298
35133,72.0
35167,72.0
35200,72.0
35233,72.0
35267,72.0
35300,72.0
35333,72.0
35367,72.0
35400,72.0
35433,72.0
35467,72.0
35500,72.0
35533,72.0
35567,72.0
35600,72.0
35633,72.0
35667,72.0
35700,72.0
35733,72.0
35767,70.58823000000002
35800,70.0
35833,70.0
35867,70.0
35900,70.0
35933,70.0
35967,70.0
36000,70.0
36033,70.0
36067,70.0
36100,70.0
36133,70.0
36167,70.0
36200,70.0
36233,70.0
36267,70.0
36300,70.0
36333,70.0
36367,70.0
36400,70.0
36433,70.0
36467,70.0
36500,70.0
36533,70.0
36567,70.0
36600,63.15789
36633,64.61539
36667,64.61539
36700,64.61539
36733,64.61539
36767,64.61539
36800,64.61539
36833,64.61539
36867,64.61539
36900,64.67066
36933,64.67066
36967,64.67066
37000,64.67066
37033,64.67066
37067,64.67066
37100,64.67066
37133,68.47825999999999
37167,68.47825999999999
37200,68.47825999999999
37233,68.47825999999999
37267,68.47825999999999
37300,68.47825999999999
37333,68.47825999999999
37367,68.47825999999999
37400,68.47825999999999
37433,68.47825999999999
37467,68.47825999999999
37500,68.47825999999999
37533,68.47825999999999
37567,68.47825999999999
37600,68.47825999999999
37633,68.47825999999999
37667,68.47825999999999
37700,68.47825999999999
37733,68.47825999999999
37767,68.47825999999999
37800,68.47825999999999
37833,75.0
37867,75.0
37900,75.4491
37933,75.4491
37967,75.4491
38000,75.4491
38033,75.4491
38067,75.4491
38100,75.4491
38133,75.4491
38167,75.4491
38200,75.4491
38233,75.4491
38267,75.4491
38300,75.4491
38333,75.4491
38367,75.4491
38400,75.4491
38433,75.4491
38467,75.4491
38500,75.4491
38533,75.4491
38567,75.4491
38600,75.4491
38633,75.4491
38667,75.4491
38700,75.4491
38733,75.4491
38767,75.4491
38800,75.4491
38833,75.4491
38867,75.4491
38900,75.4491
38933,75.4491
38967,75.4491
39000,75.4491
39033,71.64179
39067,71.64179
39100,71.64179
39133,71.64179
39167,61.01695
39200,61.01695
39233,61.01695
39267,61.01695
39300,61.01695
39333,61.01695
39367,61.01695
39400,61.01695
39433,61.01695
39467,61.01695
39500,61.01695
39533,61.01695
39567,61.01695
39600,61.01695
39633,61.01695
39667,61.01695
39700,61.01695
39733,61.01695
39767,61.01695
39800,61.01695
39833,61.01695
39867,61.01695
39900,61.01695
39933,61.76471
39967,60.0
40000,60.0
40033,60.0
40067,60.0
40100,60.0
40133,60.0
40167,60.0
40200,60.0
40233,60.0
40267,60.0
40300,60.0
40333,60.0
40367,60.0
40400,60.0
40433,60.0
40467,60.0
40500,60.0
40533,60.0
40567,60.0
40600,60.0
40633,60.0
40667,60.0
40700,60.0
40733,60.0
40767,58.44156
40800,58.44156
40833,58.44156
40867,59.34066
40900,58.44156
40933,58.44156
40967,58.44156
41000,58.44156
41033,58.44156
41067,58.44156
41100,58.44156
41133,58.44156
41167,58.44156
41200,58.44156
41233,58.44156
41267,55.6701
41300,55.6701
41333,55.6701
41367,55.38462
41400,55.38462
41433,54.82233000000001
41467,54.82233000000001
41500,54.82233000000001
41533,54.54546
41567,54.54546
41600,54.54546
41633,53.25444
41667,53.25444
41700,53.25444
41733,53.25444
41767,53.25444
41800,53.25444
41833,53.25444
41867,53.25444
41900,53.25444
41933,53.25444
41967,53.25444
42000,53.25444
42033,53.25444
42067,53.25444
42100,53.25444
42133,53.25444
42167,53.25444
42200,53.25444
42233,53.25444
42267,53.25444
42300,53.25444
42333,53.25444
42367,53.25444
42400,54.27136
42433,54.27136
42467,54.27136
42500,54.27136
42533,54.27136
42567,54.27136
42600,56.96202
42633,56.96202
42667,56.96202
42700,56.96202
42733,56.96202
42767,56.96202
42800,56.96202
42833,56.96202
42867,56.96202
42900,56.96202
42933,56.96202
42967,56.96202
43000,56.96202
43033,56.96202
43067,56.96202
43100,56.96202
43133,56.96202
43167,56.96202
43200,56.96202
43233,56.96202
43267,58.69565
43300,58.69565
43333,58.69565
43367,58.69565
43400,58.69565
43433,58.69565
43467,58.69565
43500,58.69565
43533,58.69565
43567,58.69565
43600,58.69565
43633,58.69565
43667,58.69565
43700,58.69565
43733,58.69565
43767,58.69565
43800,58.69565
43833,58.69565
43867,58.69565
43900,58.69565
43933,58.69565
43967,58.06452
44000,58.06452
44033,58.06452
44067,58.06452
44100,58.06452
44133,58.06452
44167,58.06452
44200,58.06452
44233,58.06452
44267,58.06452
44300,58.06452
44333,58.06452
44367,58.06452
44400,58.06452
44433,59.34066
44467,59.34066
44500,59.34066
44533,59.34066
44567,59.34066
44600,59.34066
44633,59.34066
44667,59.34066
44700,59.34066
44733,59.34066
44767,59.34066
44800,59.34066
44833,59.34066
44867,59.34066
44900,59.34066
44933,58.44156
44967,58.44156
45000,58.44156
45033,58.44156
45067,58.44156
45100,58.44156
45133,58.44156
45167,58.44156
45200,58.44156
45233,58.44156
45267,58.44156
45300,57.44681
45333,57.44681
45367,56.84211
45400,56.84211
45433,56.84211
45467,56.84211
45500,56.84211
45533,56.84211
45567,56.84211
45600,56.84211
45633,56.84211
45667,56.84211
45700,56.84211
45733,56.84211
45767,56.84211
45800,56.84211
45833,56.84211
45867,54.87805
45900,54.87805
45933,54.87805
45967,54.87805
46000,54.87805
46033,54.87805
46067,54.87805
46100,54.87805
46133,54.87805
46167,57.44681
46200,57.44681
46233,57.44681
46267,57.44681
46300,57.44681
46333,57.44681
46367,57.44681
46400,57.44681
46433,57.44681
46467,57.44681
46500,57.44681
46533,57.44681
46567,57.44681
46600,57.44681
46633,57.44681
46667,57.44681
46700,57.44681
46733,63.380280000000006
46767,63.380280000000006
46800,63.380280000000006
46833,63.380280000000006
46867,66.25766999999999
46900,66.25766999999999
46933,63.380280000000006
46967,65.06024000000001
47000,65.06024000000001
47033,65.06024000000001
47067,65.06024000000001
47100,65.06024000000001
47133,65.06024000000001
47167,65.06024000000001
47200,65.06024000000001
47233,65.06024000000001
47267,65.06024000000001
47300,65.06024000000001
47333,65.06024000000001
47367,65.06024000000001
47400,65.06024000000001
47433,65.06024000000001
47467,65.06024000000001
47500,65.06024000000001
47533,65.06024000000001
47567,65.06024000000001
47600,65.06024000000001
47633,65.06024000000001
47667,65.06024000000001
47700,67.02128
47733,67.02128
47767,67.02128
47800,67.02128
47833,67.02128
47867,67.02128
47900,67.02128
47933,67.02128
47967,67.02128
48000,67.02128
48033,67.02128
48067,67.02128
48100,67.02128
48133,67.02128
48167,67.02128
48200,67.02128
48233,67.02128
48267,68.35443000000001
48300,68.35443000000001
48333,71.18644
48367,71.18644
48400,71.18644
48433,71.18644
48467,71.18644
48500,71.18644
48533,71.18644
48567,71.18644
48600,71.18644
48633,71.18644
48667,71.18644
48700,71.18644
48733,71.18644
48767,71.18644
48800,71.18644
48833,71.18644
48867,71.18644
48900,71.18644
48933,71.18644
48967,71.18644
49000,71.18644
49033,71.18644
49067,71.18644
49100,71.18644
49133,71.18644
49167,71.18644
49200,71.18644
49233,71.18644
49267,71.05264
49300,71.05264
49333,71.05264
49367,71.05264
49400,71.05264
49433,71.05264
49467,71.05264
49500,71.05264
49533,71.05264
49567,71.05264
49600,71.05264
49633,65.96859
49667,65.96859
49700,65.96859
49733,65.96859
49767,65.96859
49800,65.96859
49833,65.96859
49867,65.96859
49900,65.96859
49933,65.96859
49967,65.96859
50000,65.96859
50033,65.96859
50067,65.96859
50100,76.82927
50133,76.82927
50167,80.0
50200,80.0
50233,80.0
50267,80.0
50300,80.0
50333,80.0
50367,80.0
50400,80.0
50433,80.0
50467,80.0
50500,80.0
50533,80.0
50567,80.0
50600,80.0
50633,80.0
50667,80.0
50700,82.65306
50733,82.65306
50767,82.65306
50800,82.65306
50833,82.65306
50867,82.65306
50900,82.65306
50933,82.65306
50967,82.65306
51000,90.0
51033,90.0
51067,90.0
51100,90.0
51133,90.0
51167,90.0
51200,90.0
51233,90.0
51267,90.0
51300,90.0
51333,90.0
51367,90.0
51400,90.0
51433,90.0
51467,90.0
51500,88.04348
51533,88.04348
51567,88.04348
51600,88.04348
51633,88.04348
51667,88.04348
51700,88.04348
51733,88.04348
51767,88.04348
51800,88.04348
51833,88.04348
51867,88.04348
51900,88.04348
51933,88.04348
51967,88.04348
52000,88.04348
52033,88.04348
52067,89.55224
52100,89.55224
52133,89.55224
52167,89.55224
52200,91.52542
52233,91.52542
52267,91.52542
52300,91.52542
52333,91.52542
52367,91.52542
52400,91.52542
52433,91.52542
52467,91.52542
52500,91.52542
52533,91.52542
52567,91.52542
52600,91.52542
52633,91.52542
52667,91.52542
52700,81.35593
52733,81.35593
52767,81.35593
52800,81.40704000000002
52833,81.40704000000002
52867,81.40704000000002
52900,81.40704000000002
52933,81.40704000000002
52967,81.40704000000002
53000,82.28571
53033,82.28571
53067,82.28571
53100,82.28571
53133,82.28571
53167,82.28571
53200,82.28571
53233,82.28571
53267,82.28571
53300,82.28571
53333,82.28571
53367,82.28571
53400,82.28571
53433,82.28571
53467,82.28571
53500,82.28571
53533,82.23351
53567,82.23351
53600,82.23351
53633,82.23351
53667,82.23351
53700,82.23351
53733,82.23351
53767,82.23351
53800,82.28571
53833,82.28571
53867,82.75862
53900,82.75862
53933,82.75862
53967,86.17021
54000,95.74468
54033,95.74468
54067,95.74468
54100,95.74468
54133,96.25668
54167,96.25668
54200,96.25668
54233,96.25668
54267,96.25668
54300,96.25668
54333,99.49749
54367,99.49749
54400,99.49749
54433,99.49749
54467,99.49749
54500,99.49749
54533,100.0
54567,100.0
54600,100.0
54633,100.0
54667,100.0
54700,100.0
54733,100.0
54767,100.0
54800,100.0
54833,100.0
54867,101.0204
54900,101.0204
54933,101.0204
54967,101.0204
55000,101.0204
55033,101.0204
55067,101.0204
55100,101.0204
55133,101.0204
55167,101.6949
55200,101.6949
55233,102.2727
55267,102.2727
55300,102.2727
55333,102.2727
55367,97.29729
55400,107.027
55433,107.027
55467,110.7692
55500,110.7692
55533,110.7692
55567,110.7692
55600,110.7692
55633,110.7692
55667,110.7692
55700,110.7692
55733,110.7692
55767,110.7692
55800,116.7568
55833,116.7568
55867,116.7568
55900,116.7568
55933,116.7568
55967,116.7568
56000,116.7568
56033,116.7568
56067,116.7568
56100,116.7568
56133,116.7568
56167,119.3878
56200,119.3878
56233,120.0
56267,120.0
56300,120.0
56333,120.0
56367,120.6186
56400,120.6186
56433,120.6186
56467,114.4509
56500,114.4509
56533,114.4509
56567,114.4509
56600,104.0462
56633,104.0462
56667,104.0462
56700,103.6649
56733,103.6649
56767,103.6649
56800,103.6649
56833,103.6649
56867,103.6649
56900,103.6649
56933,103.6649
56967,103.6649
57000,103.6649
57033,103.6649
57067,103.6649
57100,103.6649
57133,103.6649
57167,103.4483
57200,103.4483
57233,102.8571
57267,102.8571
57300,102.8571
57333,102.8571
57367,102.8571
57400,102.8571
57433,102.8571
57467,102.8571
57500,102.8571
57533,102.8571
57567,102.8571
57600,98.50746
57633,98.50746
57667,98.50746
57700,89.55224
57733,87.09676999999998
57767,87.09676999999998
57800,87.09676999999998
57833,87.09676999999998
57867,87.09676999999998
57900,87.09676999999998
57933,87.09676999999998
57967,87.09676999999998
58000,87.09676999999998
58033,87.09676999999998
58067,87.09676999999998
58100,87.09676999999998
58133,87.09676999999998
58167,87.09676999999998
58200,87.09676999999998
58233,87.80488000000004
58267,87.80488000000004
58300,87.80488000000004
58333,87.80488000000004
58367,87.80488000000004
58400,87.80488000000004
58433,87.80488000000004
58467,87.80488000000004
58500,87.56756999999998
58533,87.56756999999998
58567,87.56756999999998
58600,87.56756999999998
58633,87.56756999999998
58667,87.56756999999998
58700,87.56756999999998
58733,87.56756999999998
58767,87.56756999999998
58800,87.56756999999998
58833,87.56756999999998
58867,87.56756999999998
58900,87.56756999999998
58933,87.56756999999998
58967,87.27273000000002
59000,87.27273000000002
59033,87.27273000000002
59067,87.27273000000002
59100,87.27273000000002
59133,87.27273000000002
59167,87.27273000000002
59200,87.27273000000002
59233,83.93782
59267,83.93782
59300,83.93782
59333,83.93782
59367,83.93782
59400,83.93782
59433,83.93782
59467,83.93782
59500,83.93782
59533,83.93782
59567,83.93782
59600,83.93782
59633,83.23699
59667,83.23699
59700,83.23699
59733,83.23699
59767,83.23699
59800,83.23699
59833,83.23699
59867,83.23699
59900,83.93782
59933,83.93782
59967,83.93782
60000,74.6114
60033,74.6114
60067,74.6114
60100,74.6114
60133,74.6114
60167,74.6114
60200,74.6114
60233,74.6114
60267,74.6114
60300,81.29032
60333,81.29032
60367,81.29032
60400,81.29032
60433,81.29032
60467,80.76923000000002
60500,80.76923000000002
60533,80.76923000000002
60567,81.81818
60600,81.81818
60633,81.81818
60667,81.81818
60700,81.81818
60733,81.81818
60767,81.81818
60800,81.81818
60833,81.81818
60867,81.81818
60900,81.81818
60933,81.81818
60967,81.81818
61000,81.81818
61033,81.81818
61067,81.81818
61100,81.81818
61133,81.81818
61167,81.81818
61200,81.81818
61233,81.81818
61267,81.81818
61300,81.81818
61333,81.81818
61367,81.0
61400,81.0
61433,81.0
61467,81.0
61500,81.0
61533,80.44693000000002
61567,80.44693000000002
61600,80.44693000000002
61633,80.44693000000002
61667,80.44693000000002
61700,80.44693000000002
61733,80.44693000000002
61767,80.44693000000002
61800,80.44693000000002
61833,80.44693000000002
61867,80.44693000000002
61900,80.44693000000002
61933,80.44693000000002
61967,80.44693000000002
62000,80.44693000000002
62033,80.44693000000002
62067,80.44693000000002
62100,80.44693000000002
62133,80.44693000000002
62167,79.80296
62200,79.80296
62233,79.12088
62267,78.68852
62300,78.68852
62333,78.68852
62367,78.68852
62400,78.68852
62433,78.68852
62467,78.68852
62500,78.68852
62533,78.68852
62567,78.68852
62600,78.68852
62633,78.68852
62667,78.68852
62700,78.68852
62733,78.68852
62767,78.68852
62800,78.68852
62833,78.68852
62867,78.68852
62900,78.68852
62933,77.77778
62967,77.83784
63000,77.83784
63033,77.83784
63067,77.83784
63100,77.83784
63133,77.83784
63167,77.83784
63200,77.83784
63233,77.83784
63267,77.83784
63300,77.83784
63333,77.83784
63367,77.83784
63400,77.83784
63433,77.83784
63467,77.83784
63500,77.83784
63533,77.83784
63567,77.83784
63600,77.83784
63633,78.26087
63667,78.26087
63700,78.68852
63733,78.68852
63767,78.68852
63800,78.68852
63833,78.68852
63867,78.68852
63900,78.68852
63933,78.68852
63967,78.68852
64000,78.68852
64033,78.68852
64067,78.68852
64100,78.68852
64133,78.68852
64167,78.68852
64200,78.68852
64233,77.83784
64267,77.83784
64300,77.83784
64333,77.83784
64367,77.83784
64400,77.83784
64433,76.82927
64467,76.82927
64500,76.82927
64533,76.82927
64567,76.82927
64600,76.82927
64633,76.82927
64667,76.82927
64700,76.82927
64733,76.82927
64767,76.82927
64800,76.82927
64833,76.82927
64867,76.82927
64900,76.82927
64933,76.82927
64967,76.82927
65000,76.82927
65033,76.82927
65067,76.82927
65100,76.82927
65133,79.41176999999998
65167,79.41176999999998
65200,79.41176999999998
65233,79.41176999999998
65267,79.41176999999998
65300,79.41176999999998
65333,79.41176999999998
65367,79.41176999999998
65400,79.41176999999998
65433,79.41176999999998
65467,79.41176999999998
65500,79.41176999999998
65533,79.41176999999998
65567,79.41176999999998
65600,79.41176999999998
65633,79.41176999999998
65667,79.41176999999998
65700,79.41176999999998
65733,79.41176999999998
65767,67.02128
65800,67.02128
65833,67.02128
65867,67.02128
65900,67.02128
65933,67.02128
65967,67.02128
66000,67.02128
66033,67.02128
66067,64.28571
66100,64.28571
66133,64.28571
66167,64.28571
66200,64.28571
66233,64.28571
66267,64.28571
66300,64.28571
66333,64.28571
66367,64.28571
66400,64.28571
66433,64.28571
66467,64.28571
66500,65.28497
66533,65.28497
66567,65.28497
66600,65.28497
66633,65.28497
66667,65.28497
66700,65.28497
66733,63.52941
66767,63.52941
66800,63.52941
66833,63.52941
66867,63.52941
66900,63.52941
66933,63.52941
66967,63.52941
67000,63.52941
67033,63.52941
67067,63.52941
67100,63.52941
67133,64.94846
67167,63.52941
67200,64.28571
67233,64.28571
67267,64.28571
67300,64.28571
67333,64.28571
67367,64.28571
67400,64.28571
67433,64.28571
67467,64.28571
67500,61.71429000000001
67533,61.71429000000001
67567,61.71429000000001
67600,61.71429000000001
67633,61.71429000000001
67667,61.71429000000001
67700,61.71429000000001
67733,61.71429000000001
67767,61.71429000000001
67800,61.71429000000001
67833,61.71429000000001
67867,61.71429000000001
67900,61.71429000000001
67933,61.71429000000001
67967,61.71429000000001
68000,61.71429000000001
68033,61.71429000000001
68067,61.71429000000001
68100,61.71429000000001
68133,61.71429000000001
68167,61.71429000000001
68200,59.60265
68233,59.60265
68267,59.60265
68300,59.60265
68333,59.60265
68367,59.60265
68400,59.60265
68433,59.60265
68467,59.60265
68500,59.60265
68533,59.60265
68567,59.60265
68600,59.60265
68633,61.71429000000001
68667,61.71429000000001
68700,61.71429000000001
68733,61.71429000000001
68767,61.71429000000001
68800,61.71429000000001
68833,61.71429000000001
68867,61.71429000000001
68900,61.71429000000001
68933,61.71429000000001
68967,61.71429000000001
69000,59.60265
69033,59.60265
69067,59.60265
69100,58.69565
69133,58.69565
69167,58.69565
69200,58.69565
69233,58.69565
69267,58.69565
69300,58.69565
69333,58.69565
69367,58.69565
69400,58.69565
69433,58.69565
69467,58.69565
69500,58.69565
69533,58.69565
69567,58.69565
69600,58.69565
69633,58.69565
69667,58.69565
69700,58.69565
69733,58.69565
69767,58.69565
69800,62.5
69833,62.5
69867,62.5
69900,64.28571
69933,63.905330000000006
69967,63.905330000000006
70000,63.905330000000006
70033,63.905330000000006
70067,63.905330000000006
70100,63.905330000000006
70133,63.905330000000006
70167,63.905330000000006
70200,63.905330000000006
70233,63.905330000000006
70267,63.905330000000006
70300,63.905330000000006
70333,74.55621
70367,74.55621
70400,74.55621
70433,74.55621
70467,74.55621
70500,74.55621
70533,74.55621
70567,74.55621
70600,74.55621
70633,74.55621
70667,74.55621
70700,74.55621
70733,74.55621
70767,74.55621
70800,74.55621
70833,63.905330000000006
70867,63.905330000000006
70900,63.905330000000006
70933,63.31658
70967,63.31658
71000,63.31658
71033,63.31658
71067,63.31658
71100,63.31658
71133,66.25766999999999
71167,66.25766999999999
71200,66.25766999999999
71233,66.25766999999999
71267,66.25766999999999
71300,66.25766999999999
71333,66.25766999999999
71367,66.25766999999999
71400,66.25766999999999
71433,66.25766999999999
71467,66.25766999999999
71500,66.25766999999999
71533,66.25766999999999
71567,66.25766999999999
71600,66.25766999999999
71633,66.25766999999999
71667,66.25766999999999
71700,66.25766999999999
71733,66.25766999999999
71767,67.02128
71800,67.02128
71833,67.02128
71867,67.02128
71900,76.59574
71933,76.59574
71967,76.59574
72000,76.59574
72033,76.59574
72067,76.59574
72100,76.59574
72133,76.59574
72167,76.59574
72200,76.59574
72233,76.59574
72267,76.59574
72300,76.59574
72333,80.0
72367,77.30060999999998
72400,77.30060999999998
72433,77.30060999999998
72467,78.26087
72500,78.26087
72533,78.26087
72567,78.26087
72600,78.26087
72633,78.26087
72667,78.26087
72700,78.26087
72733,78.26087
72767,78.26087
72800,78.26087
72833,78.26087
72867,78.26087
72900,78.26087
72933,78.26087
72967,78.26087
73000,78.26087
73033,78.26087
73067,78.26087
73100,78.26087
73133,78.26087
73167,79.74683
73200,79.74683
73233,79.74683
73267,79.74683
73300,79.74683
73333,79.74683
73367,81.35593
73400,81.35593
73433,81.35593
73467,81.35593
73500,81.35593
73533,81.35593
73567,81.35593
73600,81.35593
73633,81.35593
73667,81.35593
73700,81.35593
73733,81.35593
73767,82.23351
73800,82.23351
73833,82.23351
73867,82.23351
73900,82.23351
73933,82.23351
73967,82.23351
74000,82.23351
74033,83.23699
74067,83.23699
74100,83.23699
74133,83.23699
74167,83.23699
74200,83.23699
74233,83.23699
74267,83.23699
74300,83.23699
74333,83.23699
74367,83.23699
74400,83.23699
74433,83.23699
74467,83.23699
74500,83.23699
74533,83.23699
74567,83.23699
74600,83.23699
74633,81.40704000000002
74667,81.40704000000002
74700,81.40704000000002
74733,81.40704000000002
74767,81.40704000000002
74800,81.40704000000002
74833,77.41936
74867,77.41936
74900,77.41936
74933,77.41936
74967,77.41936
75000,77.41936
75033,77.41936
75067,77.41936
75100,77.41936
75133,77.41936
75167,77.41936
75200,77.41936
75233,77.41936
75267,75.90361999999998
75300,75.90361999999998
75333,75.90361999999998
75367,75.90361999999998
75400,75.90361999999998
75433,75.90361999999998
75467,75.90361999999998
75500,75.90361999999998
75533,76.59574
75567,76.59574
75600,76.59574
75633,76.59574
75667,76.59574
75700,76.59574
75733,76.59574
75767,76.59574
75800,76.59574
75833,76.59574
75867,76.59574
75900,76.59574
75933,77.30060999999998
75967,77.30060999999998
76000,77.30060999999998
76033,77.30060999999998
76067,78.26087
76100,78.26087
76133,78.26087
76167,78.26087
76200,78.26087
76233,78.26087
76267,78.26087
76300,78.26087
76333,78.26087
76367,78.26087
76400,78.26087
76433,78.26087
76467,78.26087
76500,78.26087
76533,78.26087
76567,78.26087
76600,78.26087
76633,78.26087
76667,78.26087
76700,78.26087
76733,78.26087
76767,81.81818
76800,81.81818
76833,81.81818
76867,81.81818
76900,81.81818
76933,81.81818
76967,81.35593
77000,81.35593
77033,81.35593
77067,81.35593
77100,81.35593
77133,81.35593
77167,81.35593
77200,81.35593
77233,81.35593
77267,81.35593
77300,81.35593
77333,81.35593
77367,83.93782
77400,83.93782
77433,83.93782
77467,83.93782
77500,83.93782
77533,83.93782
77567,83.93782
77633,83.93782
77667,83.93782
77700,83.93782
77733,83.93782
77767,85.71429
77800,85.71429
77833,85.71429
77867,85.71429
77900,85.71429
77933,85.71429
77967,85.71429
78000,86.63101999999998
78033,86.63101999999998
78067,86.63101999999998
78100,86.63101999999998
78133,86.63101999999998
78167,86.63101999999998
78200,86.63101999999998
78233,86.63101999999998
78267,86.63101999999998
78300,86.63101999999998
78333,86.63101999999998
78367,86.63101999999998
78400,86.63101999999998
78433,86.63101999999998
78467,86.63101999999998
78500,86.63101999999998
78533,86.63101999999998
78567,86.63101999999998
78600,86.74699
78633,86.74699
78667,86.74699
78700,86.74699
78733,86.74699
78767,86.74699
78800,86.74699
78833,84.81676
78867,84.81676
78900,84.81676
78933,84.81676
78967,84.81676
79000,84.81676
79033,84.81676
79067,84.81676
79100,84.81676
79133,84.81676
79167,84.81676
79200,84.81676
79233,84.81676
79267,84.81676
79300,83.72093000000002
79333,83.72093000000002
79367,84.21053
79400,84.21053
79433,88.52459
79467,88.52459
79500,88.52459
79533,88.52459
79567,88.52459
79600,92.30769
79633,83.07692
79667,83.50516
79700,83.50516
79733,83.50516
79767,83.50516
79800,83.93782
79833,83.93782
79867,83.93782
79900,83.93782
79933,83.93782
79967,83.72093000000002
80000,83.72093000000002
80033,83.72093000000002
80067,83.72093000000002
80100,83.72093000000002
80133,83.72093000000002
80167,83.72093000000002
80200,83.72093000000002
80233,83.72093000000002
80267,83.72093000000002
80300,83.72093000000002
80333,83.07692
80367,83.07692
80400,83.07692
80433,83.07692
80467,83.07692
80500,83.07692
80533,83.07692
80567,83.07692
80600,83.07692
80633,83.07692
80667,84.21053
80700,84.21053
80733,84.21053
80767,84.21053
80800,84.21053
80833,84.21053
80867,84.21053
80900,84.21053
80933,84.21053
80967,84.21053
81000,84.21053
81033,84.21053
81067,84.21053
81100,84.21053
81133,77.83784
81167,77.83784
81200,77.83784
81233,77.83784
81267,77.83784
81300,77.83784
81333,77.83784
81367,77.83784
81400,77.83784
81433,77.83784
81467,77.30060999999998
81500,78.26087
81533,78.26087
81567,78.26087
81600,78.26087
81633,78.26087
81667,78.26087
81700,78.26087
81733,78.26087
81767,78.26087
81800,78.26087
81833,78.26087
81867,78.26087
81900,78.26087
81933,78.26087
81967,78.26087
82000,78.26087
82033,78.26087
82067,78.26087
82100,78.26087
82133,78.26087
82167,78.26087
82200,77.30060999999998
82233,77.83784
82267,77.83784
82300,77.83784
82333,77.83784
82367,77.83784
82400,77.83784
82433,77.83784
82467,77.83784
82500,77.83784
82533,77.83784
82567,77.83784
82600,77.83784
82633,77.83784
82667,77.83784
82700,77.83784
82733,77.83784
82767,77.83784
82800,77.83784
82833,77.83784
82867,77.83784
82900,76.36364
83000,76.36364
83033,76.36364
83067,76.36364
83100,76.36364
83133,76.36364
83167,76.36364
83200,76.36364
83233,76.36364
83267,76.36364
83300,73.09644
83333,73.09644
83367,73.09644
83400,73.09644
83433,73.09644
83467,73.09644
83500,73.09644
83533,73.09644
83567,70.78650999999998
83600,70.78650999999998
83633,70.78650999999998
83667,70.78650999999998
83700,70.78650999999998
83733,70.78650999999998
83767,70.78650999999998
83800,70.78650999999998
83833,71.18644
83867,71.18644
83900,71.18644
83933,73.09644
83967,73.09644
84000,73.09644
84033,73.09644
84067,73.09644
84100,73.09644
84133,73.09644
84167,73.09644
84200,72.0
84233,72.0
84267,72.0
84300,72.0
84333,72.0
84367,72.0
84400,72.0
84433,72.0
84467,75.39267
84500,75.39267
84533,75.39267
84567,75.39267
84600,75.39267
84633,75.39267
84667,75.39267
84700,75.39267
84733,75.39267
84767,75.39267
84800,75.39267
84833,75.39267
84867,75.39267
84900,75.39267
84933,74.55621
84967,74.55621
85000,74.55621
85033,77.41936
85067,77.41936
85100,77.41936
85133,77.41936
85167,77.41936
85200,77.41936
85233,77.41936
85267,77.41936
85300,77.41936
85333,77.41936
85367,77.41936
85400,77.41936
85433,77.41936
85467,77.41936
85500,77.41936
85533,77.41936
85567,77.41936
85600,77.41936
85633,77.41936
85667,76.36364
85700,77.83784
85733,77.83784
85767,77.83784
85800,77.83784
85833,77.83784
85867,77.83784
85900,78.26087
85933,78.26087
85967,78.26087
86000,78.26087
86033,78.26087
86067,82.65306
86133,82.23351
86167,82.23351
86200,82.23351
86233,82.23351
86267,82.23351
86300,82.23351
86333,82.23351
86367,90.56604
86400,90.56604
86433,90.56604
86467,90.56604
86500,94.73684
86533,93.64162
86567,93.64162
86600,93.64162
86633,93.64162
86667,93.64162
86700,93.64162
86733,93.64162
86767,93.64162
86800,93.64162
86833,93.64162
86867,93.64162
86900,97.29729
86933,97.29729
86967,97.29729
87000,97.29729
87033,97.29729
87067,97.29729
87100,97.29729
87133,97.29729
87167,107.027
87200,107.027
87233,116.7568
87267,116.7568
87300,116.7568
87333,116.7568
87367,117.5879
87400,117.5879
87433,117.5879
87467,126.6332
87500,126.6332
87533,126.6332
87567,132.9545
87600,132.9545
87633,132.9545
87667,132.9545
87700,132.9545
87733,132.9545
87767,134.0426
87800,134.0426
87833,134.0426
87867,134.0426
87900,134.0426
87933,134.0426
87967,134.0426
88000,134.0426
88033,134.0426
88067,134.0426
88100,134.0426
88133,134.0426
88167,134.0426
88200,134.0426
88233,134.0426
88267,134.0426
88300,134.0426
88333,140.9639
88367,140.9639
88400,140.9639
88433,137.7049
88467,137.7049
88500,137.7049
88533,137.7049
88567,147.541
88600,147.541
88633,147.541
88667,147.541
88700,147.541
88733,147.6923
88767,147.6923
88800,147.6923
88833,147.6923
88867,147.6923
88900,147.6923
88933,147.6923
88967,147.6923
89000,147.6923
89033,147.6923
89067,145.946
89100,145.946
89133,145.946
89167,145.946
89200,145.946
89233,145.946
89267,145.946
89300,145.946
89333,145.946
89367,141.1765
89400,141.3613
89433,141.3613
89467,141.3613
89500,141.3613
89533,141.3613
89567,141.3613
89600,141.3613
89633,141.3613
89667,141.3613
89700,141.3613
89733,141.3613
89767,141.8719
89800,141.8719
89833,140.625
89867,140.625
89900,140.625
89933,140.625
89967,140.625
90000,140.625
90033,140.625
90067,140.625
90100,140.625
90133,140.625
90167,141.1765
90200,141.3613
90233,141.3613
90267,141.3613
90300,141.3613
90333,141.3613
90367,141.3613
90400,141.3613
90433,141.3613
90467,141.3613
90500,141.3613
90533,141.3613
90567,141.8719
90600,141.8719
90633,141.3613
90667,141.3613
90700,141.3613
90733,141.3613
90767,141.3613
90800,141.3613
90833,141.3613
90867,141.3613
90900,141.3613
90933,142.5743
90967,142.5743
91000,142.5743
91033,142.1053
91067,142.1053
91100,142.1053
91133,142.1053
91167,142.1053
91200,142.1053
91233,142.1053
91267,142.1053
91300,143.2836
91333,143.2836
91367,143.2836
91400,143.2836
91500,142.8571
91533,142.8571
91567,142.8571
91600,142.8571
91633,142.8571
91667,144.0
91700,144.0
91733,144.0
91767,144.0
91800,144.0
91833,142.8571
91867,142.8571
91900,142.8571
91933,142.8571
91967,142.8571
92000,142.8571
92033,142.8571
92067,142.8571
92100,142.8571
92133,142.8571
92167,141.1765
92200,139.8964
92233,139.8964
92267,139.8964
92300,139.8964
92333,139.8964
92367,139.8964
92400,139.8964
92433,139.8964
92467,139.8964
92500,139.8964
92533,139.8964
92567,138.4615
92600,138.4615
92633,137.7551
92667,137.7551
92700,137.7551
92733,137.7551
92767,137.7551
92800,137.7551
92833,137.7551
92867,137.7551
92900,137.7551
92933,136.9565
92967,136.9565
93000,136.9565
93033,136.9565
93067,136.9565
93100,136.9565
93133,136.9565
93167,136.3636
93200,136.3636
93233,136.3636
93267,136.3636
93300,136.3636
93333,135.4839
93367,135.4839
93400,125.8064
93433,125.8064
93467,125.8064
93500,127.2727
93533,127.2727
93567,127.2727
93600,127.2727
93633,127.2727
93667,127.2727
93700,127.2727
93733,126.4865
93767,126.4865
93800,126.4865
93833,126.4865
93867,126.4865
93900,126.4865
93933,126.4865
93967,126.4865
94000,126.4865
94033,126.0
94067,126.0
94100,126.0
94133,126.0
94167,126.0
94200,125.1337
94233,125.1337
94267,125.1337
94300,125.1337
94333,125.1337
94367,125.1337
94400,125.1337
94433,125.1337
94467,125.1337
94500,125.1337
94533,124.7525
94567,124.7525
94600,124.7525
94633,125.8064
94667,125.8064
94700,125.8064
94733,125.8064
94767,125.8064
94800,125.8064
94833,125.8064
94867,125.8064
94900,125.8064
94933,125.8064
94967,125.8064
95000,126.0
95033,126.0
95067,126.0
95100,126.0
95133,126.0
95167,125.8064
95200,125.8064
95233,125.8064
95267,125.8064
95300,125.8064
95333,125.8064
95367,125.8064
95400,125.8064
95433,126.6332
95467,126.6332
95500,126.6332
95533,126.6332
95567,126.6332
95600,126.6332
95633,127.1739
95667,127.1739
95700,127.1739
95733,127.1739
95767,127.1739
95800,127.1739
95833,127.1739
95867,127.1739
95900,127.2727
95933,127.2727
95967,127.2727
96000,127.2727
96033,127.2727
96067,127.2727
96100,127.2727
96133,127.1739
96167,127.1739
96200,127.1739
96233,127.1739
96267,127.1739
96300,127.1739
96333,127.1739
96367,127.1739
96400,127.1739
96433,127.1739
96467,127.1739
96500,127.1739
96533,127.1739
96567,127.1739
96600,126.3158
96633,123.1579
96667,123.1579
96700,123.1579
96733,123.1579
96767,123.1579
96800,123.1579
96833,123.1579
96867,123.1579
96900,123.1579
96933,123.1579
96967,123.1579
97000,123.5294
97033,124.4681
97067,124.4681
97100,124.4681
97133,124.4681
97167,124.4681
97200,124.4681
97233,124.4681
97267,124.4681
97300,124.4681
97333,124.4681
97367,124.4681
97400,124.4681
97433,124.4681
97467,124.4681
97500,124.1379
97533,124.1379
97567,124.4681
97600,124.4681
97633,124.4681
97667,124.4681
97700,124.4681
97733,124.4681
97767,124.4681
97800,124.4681
97833,124.4681
97867,124.4681
97900,124.4681
97933,125.3731
97967,125.3731
98000,125.3731
98033,125.3731
98067,125.8064
98100,125.8064
98133,125.8064
98167,125.8064
98200,125.8064
98233,125.8064
98267,125.8064
98300,125.8064
98333,125.8064
98367,125.8064
98400,126.6332
98433,126.6332
98467,126.6332
98500,126.6332
98533,126.6332
98567,125.8064
98600,125.8064
98633,125.8064
98667,125.8064
98700,125.8064
98733,125.8064
98767,125.8064
98800,125.8064
98833,125.8064
98867,125.3731
98900,125.3731
98933,125.3731
98967,125.3731
99000,125.1337
99033,125.1337
99067,125.1337
99100,125.1337
99133,125.1337
99167,125.1337
99200,125.1337
99233,125.1337
99267,125.1337
99300,125.1337
99333,125.1337
99367,125.1337
99400,124.1379
99433,124.1379
99467,123.8095
99500,123.8095
99533,124.4681
99567,123.8095
99600,124.4681
99633,124.4681
99667,124.4681
99700,124.4681
99733,124.4681
99767,124.4681
99800,124.4681
99833,124.4681
99867,123.8095
99900,123.8095
99933,122.7273
99967,122.7273
100000,122.7273
100033,122.7273
100067,122.7273
100100,122.7273
100133,122.7273
100167,122.7273
100200,122.7273
100233,122.7273
100267,122.7273
100300,122.7273
100333,116.4179
100367,116.129
100400,116.129
100433,116.129
100467,116.129
100500,116.129
100533,116.129
100567,116.129
100600,116.129
100633,118.1818
100667,118.1818
100700,118.1818
100733,118.1818
100767,118.1818
100800,118.1818
100833,118.1818
100867,118.0328
100900,118.0328
100933,118.0328
100967,118.0328
101000,118.0328
101033,118.0328
101067,118.0328
101100,118.0328
101133,118.0328
101167,118.0328
101200,117.3913
101233,117.3913
101267,117.3913
101300,117.3913
101333,117.3913
101367,116.4706
101400,116.4706
101433,116.4706
101467,111.3402
101500,111.3402
101533,111.3402
101567,111.3402
101600,111.3402
101633,111.3402
101667,111.3402
101700,111.3402
101733,111.3402
101767,111.3402
101800,111.3402
101833,109.3923
101867,109.3923
101900,109.3923
101933,109.3923
101967,109.3923
102000,109.3923
102033,109.3923
102067,109.3923
102100,109.3923
102133,109.3923
102167,109.3923
102200,109.3923
102233,105.8824
102267,104.2105
102300,104.2105
102333,104.2105
102367,104.2105
102400,104.2105
102433,104.2105
102467,104.2105
102500,104.2105
102533,104.2105
102567,104.2105
102600,94.73684
102633,94.73684
102667,94.73684
102700,94.73684
102733,102.5316
102767,102.5316
102800,102.5316
102833,102.5316
102867,102.5316
102900,102.5316
102933,102.5316
102967,102.5316
103000,102.5316
103033,102.5316
103067,102.5316
103100,102.5316
103133,97.29729
103167,102.5316
103200,102.5316
103233,102.5316
103267,102.5316
103300,102.5316
103333,102.5316
103367,94.24084
103400,94.24084
103433,94.24084
103467,94.24084
103500,94.24084
103533,94.24084
103567,94.24084
103600,94.24084
103633,94.24084
103667,94.24084
103700,94.24084
103733,94.24084
103767,94.24084
103800,92.57143
103833,92.04546
103867,92.04546
103900,92.04546
103933,92.04546
103967,92.04546
104000,92.04546
104033,92.04546
104067,92.04546
104100,92.04546
104133,81.81818
104167,81.81818
104200,81.81818
104233,81.81818
104267,81.81818
104300,81.81818
104333,84.56376
104367,84.56376
104400,84.56376
104433,84.56376
104467,84.56376
104500,84.56376
104533,84.56376
104567,84.56376
104600,84.56376
104633,72.48321999999997
104667,72.48321999999997
104700,72.48321999999997
104733,72.48321999999997
104767,72.48321999999997
104800,72.48321999999997
104833,72.48321999999997
104867,64.94846
104900,64.94846
104933,64.94846
104967,64.94846
105000,64.94846
105033,64.94846
105067,64.94846
105100,64.94846
105133,64.94846
105167,64.94846
105200,64.94846
105233,60.0
105267,60.0
105300,60.0
105333,60.0
105367,60.0
105400,60.0
105433,60.0
105467,60.0
105500,60.0
105533,60.0
105567,60.0
105600,60.0
105633,60.0
105667,60.0
105700,60.81081
105733,60.81081
105767,60.81081
105800,60.81081
105833,61.01695
105867,61.01695
105900,61.01695
105933,60.81081
105967,60.81081
106000,60.81081
106033,60.81081
106067,60.81081
106100,60.81081
106133,60.81081
106167,60.81081
106200,60.81081
106233,57.44681
106267,57.44681
106300,57.44681
106333,57.44681
106367,57.44681
106400,57.44681
106433,57.44681
106467,57.44681
106500,57.44681
106533,57.44681
106567,57.44681
106600,57.44681
106633,57.44681
106667,57.44681
106700,57.44681
106733,57.44681
106767,54.87805
106800,54.87805
106833,54.87805
106867,54.87805
106900,54.87805
106933,54.87805
106967,54.87805
107000,54.87805
107033,54.87805
107067,54.87805
107100,57.75401
107133,57.75401
107167,57.75401
107200,57.75401
107233,57.75401
107267,57.75401
107300,57.75401
107333,57.75401
107367,57.75401
107400,57.75401
107433,57.75401
107467,57.75401
107500,57.75401
107533,57.75401
107567,53.57143000000001
107600,53.57143000000001
107633,53.57143000000001
107667,53.57143000000001
107700,53.57143000000001
107733,56.5445
107767,56.5445
107800,56.5445
107833,56.5445
107867,56.5445
107900,56.5445
107933,56.5445
107967,56.5445
108000,56.5445
108033,54.87805
108067,54.87805
108100,54.87805
108133,54.87805
108167,54.87805
108200,54.87805
108233,54.87805
108267,54.87805
108300,54.87805
108333,54.87805
108367,54.87805
108400,54.87805
108433,54.87805
108467,54.87805
108500,54.87805
108533,54.87805
108567,54.87805
108600,54.87805
108633,54.87805
108667,54.87805
108700,56.25
108733,56.25
108767,56.25
108800,56.25
108833,56.25
108867,56.25
108900,56.25
108933,56.25
108967,56.25
109000,56.25
109033,56.25
109067,56.25
109100,56.60378000000001
109133,56.60378000000001
109167,56.60378000000001
109200,56.60378000000001
109233,56.60378000000001
109267,56.60378000000001
109300,56.60378000000001
109333,56.60378000000001
109367,56.60378000000001
109400,56.60378000000001
109433,56.60378000000001
109467,56.60378000000001
109500,58.69565
109533,58.69565
109567,58.69565
109600,58.69565
109633,58.69565
109667,58.69565
109700,58.69565
109733,58.69565
109767,58.69565
109800,58.69565
109833,58.69565
109867,58.69565
109900,58.69565
109933,58.69565
109967,58.69565
110000,58.69565
110033,58.69565
110067,58.69565
110100,58.69565
110133,58.69565
110167,58.69565
110200,64.7482
110233,64.7482
110267,65.21739000000001
110300,65.21739000000001
110333,65.85365999999999
110367,65.21739000000001
110400,65.06024000000001
110433,65.85365999999999
110467,66.25766999999999
110500,65.85365999999999
110533,65.85365999999999
110567,65.85365999999999
110600,65.45454000000001
110633,65.45454000000001
110667,65.45454000000001
110700,65.45454000000001
110733,65.45454000000001
110767,65.45454000000001
110800,65.45454000000001
110833,65.45454000000001
110867,70.0
110900,70.0
110933,70.0
110967,70.0
111000,70.0
111033,70.0
111067,70.0
111100,70.0
111133,70.0
111167,70.0
111200,70.0
111233,70.0
111267,70.0
111300,70.0
111333,70.0
111367,73.84615
111400,73.84615
111433,83.07692
111467,83.07692
111500,83.07692
111533,83.07692
111567,83.07692
111600,83.07692
111633,83.07692
111667,83.07692
111700,92.30769
111733,92.30769
111767,92.30769
111800,91.71974
111833,94.73684
111867,94.73684
111900,94.73684
111933,94.73684
111967,94.73684
112000,94.73684
112033,94.73684
112067,94.73684
112100,94.73684
112133,94.73684
112167,94.73684
112200,94.73684
112233,94.73684
112267,105.2632
112300,105.2632
112333,105.2632
112367,105.2632
112400,105.2632
112433,105.2632
112467,105.2632
112500,105.2632
112533,105.2632
112567,105.2632
112600,104.7619
112633,104.7619
112667,104.7619
112700,104.7619
112733,104.7619
112767,104.7619
112800,104.7619
112833,104.7619
112867,104.7619
112900,104.7619
112933,104.7619
112967,102.2727
113000,102.2727
113033,102.2727
113067,102.2727
113100,103.125
113133,103.125
113167,103.125
113200,103.125
113233,103.125
113267,103.125
113300,103.125
113333,103.125
113367,103.125
113400,100.5587
113433,100.5587
113467,100.5587
113500,100.5587
113533,100.5587
113567,100.5587
113600,100.5587
113633,103.6649
113667,103.6649
113700,103.6649
113733,103.6649
113767,103.6649
113800,103.6649
113833,102.2727
113867,102.2727
113900,102.2727
113933,101.6949
113967,101.6949
114000,101.5385
114033,101.5385
114067,101.5385
114100,101.5385
114133,101.5385
114167,101.5385
114200,101.5385
114233,101.5385
114267,101.5385
114300,101.5385
114333,120.0
114367,120.0
114400,120.0
114433,120.0
114467,120.0
114500,120.0
114533,120.0
114567,118.5629
114600,118.5629
114633,118.5629
114667,117.8571
114700,117.8571
114733,117.8571
114767,117.8571
114800,117.8571
114833,117.8571
114867,117.8571
114900,117.8571
114933,117.8571
114967,117.8571
115000,117.8571
115033,117.8571
115067,117.8571
115100,117.8571
115133,117.8571
115167,117.8571
115200,117.8571
115233,118.0328
115267,118.0328
115300,118.0328
115333,118.0328
115367,118.0328
115400,118.0328
115433,118.0328
115467,118.0328
115500,118.0328
115533,118.0328
115567,118.0328
115600,118.0328
115633,118.0328
115667,118.0328
115700,117.5879
115733,117.5879
115767,117.5879
115800,117.5879
115833,116.7568
115867,116.7568
115900,116.7568
115933,116.7568
115967,116.7568
116000,116.7568
116033,116.7568
116067,116.7568
116100,116.7568
116133,116.7568
116167,117.0
116200,117.0
116233,117.0
116267,117.0
116300,115.508
116333,115.508
116367,115.508
116400,115.508
116433,115.508
116467,115.508
116500,115.508
116533,115.508
116567,115.508
116600,116.4179
116633,116.4179
116667,116.4179
116700,116.4179
116733,116.129
116767,116.129
116800,116.129
116833,116.129
116867,116.129
116900,116.129
116933,116.129
116967,116.129
117000,116.129
117033,116.129
117067,116.129
117100,116.4179
117133,116.4179
117167,116.4179
117200,116.4179
117233,115.508
117267,115.508
117300,115.508
117333,115.508
117367,115.508
117400,115.508
117433,115.508
117467,115.508
117500,115.508
117533,115.508
117567,115.508
117600,115.8416
117633,115.8416
117667,115.8416
117700,115.508
117733,115.508
117767,115.508
117800,115.508
117833,115.508
117867,115.508
117900,115.508
117933,115.508
117967,115.508
118000,115.508
118033,115.508
118067,115.508
118100,115.508
118133,115.2709
118167,115.2709
118200,114.2857
118233,114.2857
118267,114.2857
118300,114.2857
118333,114.2857
118367,114.2857
118400,114.2857
118433,114.2857
118467,114.2857
118500,114.2857
118533,114.2857
118567,115.8416
118600,115.8416
118633,115.8416
118667,114.8936
118700,114.8936
118733,114.8936
118767,114.8936
118800,114.8936
118833,114.8936
118867,114.8936
118900,114.8936
118933,114.8936
118967,114.8936
119000,116.4179
119033,116.4179
119067,116.4179
119100,116.4179
119133,119.337
119167,119.337
119200,119.337
119233,119.337
119267,119.337
119300,119.337
119333,119.337
119367,119.337
119400,121.2435
119433,120.6186
119467,120.6186
119500,120.6186
119533,120.6186
119567,120.6186
119600,120.6186
119633,120.6186
119667,120.6186
119700,120.6186
119733,120.6186
119767,120.6186
119800,118.6813
119833,118.6813
119867,118.6813
119900,119.3878
119933,119.3878
119967,119.3878
120000,119.3878
120033,119.3878
120067,119.3878
120100,119.3878
120133,119.3878
120167,119.3878
120200,122.0339
120233,122.0339
120267,122.0339
120300,122.0339
120333,122.0339
120367,122.0339
120400,122.0339
120433,121.2435
120467,121.2435
120500,121.2435
120533,121.2435
120567,121.2435
120600,121.2435
120633,121.2435
120667,121.2435
120700,121.2435
120733,121.2435
120767,121.2435
120800,121.2435
120833,123.4286
120867,123.4286
120900,123.4286
120933,123.1579
120967,123.1579
121000,123.1579
121033,123.1579
121067,123.1579
121100,123.1579
121133,123.1579
121167,123.1579
121200,123.1579
121233,123.1579
121267,123.1579
121300,123.1579
121333,123.1579
121367,124.1379
121400,124.1379
121433,124.4681
121467,124.4681
121500,124.4681
121533,124.4681
121567,124.4681
121600,124.4681
121633,124.4681
121667,124.4681
121700,124.4681
121733,124.4681
121767,124.4681
121800,124.4681
121833,124.4681
121867,124.4681
121900,124.4681
121933,125.5814
121967,125.5814
122000,125.5814
122033,125.5814
122067,125.8064
122100,125.8064
122133,125.8064
122167,125.8064
122200,125.8064
122233,125.8064
122267,125.8064
122300,125.8064
122333,125.8064
122367,125.8064
122400,125.8064
122433,125.8064
122467,126.3158
122500,126.3158
122533,126.3158
122567,126.3158
122600,126.3158
122633,126.3158
122667,126.3158
122700,126.3158
122733,126.3158
122767,126.3158
122800,117.0
122833,117.0
122867,117.0
122900,117.0
122933,117.0
122967,116.129
123000,116.129
123033,116.129
123067,116.129
123100,116.129
123133,116.129
123167,116.129
123200,116.129
123233,116.129
123267,116.129
123300,116.129
123333,115.8416
123367,115.8416
123400,115.8416
123433,115.508
123467,115.508
123500,115.508
123533,115.508
123567,115.508
123600,115.508
123633,115.508
123667,115.508
123700,115.508
123733,115.508
123767,115.508
123800,116.4179
123833,116.4179
123867,116.4179
123900,116.4179
123933,116.129
123967,116.129
124000,116.129
124033,116.129
124067,116.129
124100,116.129
124133,116.129
124167,116.129
124200,116.129
124233,116.129
124267,116.129
124300,116.129
124333,116.129
124367,115.2709
124400,115.2709
124433,115.508
124467,115.508
124500,115.508
124533,115.508
124567,115.508
124600,115.508
124633,115.508
124667,115.508
124700,115.508
124733,115.508
124767,115.508
124800,115.508
124833,115.508
124867,115.8416
124900,115.8416
124933,115.8416
124967,114.2857
125000,114.2857
125033,114.2857
125067,114.2857
125100,114.2857
125133,114.2857
125167,114.2857
125200,114.2857
125233,114.2857
125267,114.2857
125300,115.8416
125333,115.8416
125367,115.8416
125400,114.2857
125433,114.2857
125467,114.2857
125500,114.2857
125533,114.2857
125567,114.2857
125600,114.2857
125633,114.2857
125667,114.2857
125700,114.2857
125733,114.2857
125767,115.2709
125800,115.2709
125833,113.6842
125867,113.6842
125900,113.6842
125933,113.6842
125967,113.6842
126000,113.6842
126033,113.6842
126067,113.6842
126100,113.6842
126133,113.6842
126167,113.6842
126200,115.2709
126233,115.2709
126267,114.2857
126300,114.2857
126333,114.2857
126367,114.2857
126400,114.2857
126433,114.2857
126467,114.2857
126500,114.2857
126533,114.2857
126567,114.2857
126600,114.2857
126633,114.2857
126667,114.2857
126700,114.7059
126733,114.8936
126767,114.8936
126800,114.8936
126833,114.8936
126867,114.8936
126900,114.8936
126933,114.8936
126967,114.8936
127000,114.8936
127033,114.8936
127067,114.8936
127100,114.8936
127133,114.8936
127167,115.8416
127200,115.8416
127233,115.8416
127267,115.508
127300,115.508
127333,115.508
127367,115.508
127400,115.508
127433,115.508
127467,115.508
127500,115.508
127533,115.508
127567,115.508
127600,115.508
127633,115.508
127667,115.8416
127700,115.8416
127733,115.8416
127767,114.2857
127800,114.2857
127833,114.2857
127867,114.2857
127900,114.2857
127933,114.2857
127967,114.2857
128000,114.2857
128033,114.2857
128067,114.2857
128100,115.8416
128133,115.8416
128167,115.8416
128200,115.508
128233,115.508
128267,115.508
128300,115.508
128333,115.508
128367,115.508
128400,115.508
128433,115.508
128467,115.508
128500,115.508
128533,115.508
128567,116.4179
128600,116.4179
128633,116.4179
128667,116.4179
128700,124.8555
128733,124.8555
128767,124.8555
128800,124.8555
128833,124.8555
128867,124.8555
128900,124.8555
128933,124.8555
128967,124.8555
129000,124.8555
129033,125.1337
129067,125.1337
129100,125.1337
129133,125.1337
129167,125.1337
129200,125.1337
129233,125.1337
129267,125.1337
129300,125.1337
129333,125.1337
129367,125.1337
129400,125.1337
129433,125.1337
129467,125.1337
129500,125.3731
129533,125.3731
129567,125.3731
129600,125.3731
129633,125.8064
129667,125.8064
129700,125.8064
129733,125.8064
129767,125.8064
129800,125.8064
129833,125.8064
129867,125.8064
129900,125.8064
129933,125.8064
129967,125.8064
130000,125.3731
130033,125.3731
130067,125.3731
130100,125.3731
130133,125.8064
130167,125.8064
130200,125.8064
130233,125.8064
130267,125.8064
130300,125.8064
130333,125.8064
130367,125.8064
130400,125.8064
130433,125.8064
130467,125.8064
130500,125.8064
130533,125.8064
130567,124.7525
130600,124.7525
130633,126.4865
130667,126.4865
130700,126.4865
130733,126.4865
130767,126.4865
130800,126.4865
130833,126.4865
130867,126.4865
130900,126.4865
130933,126.4865
130967,127.2727
131000,127.2727
131033,127.2727
131067,127.2727
131100,127.2727
131133,127.2727
131167,127.2727
131200,127.8689
131233,127.8689
131267,127.8689
131300,127.8689
131333,127.8689
131367,127.8689
131400,127.8689
131433,127.9188
131467,127.9188
131500,127.9188
131533,127.9188
131567,127.9188
131600,127.9188
131633,127.9188
131667,127.9188
131700,127.1739
131733,127.1739
131767,127.1739
131800,127.1739
131833,127.1739
131867,127.1739
131900,127.1739
131933,127.1739
131967,127.1739
132000,127.1739
132033,127.1739
132067,127.1739
132100,127.1739
132133,127.0588
132167,127.0588
132200,127.0588
132233,124.4681
132267,124.4681
132300,124.4681
132333,124.4681
132367,124.4681
132400,124.4681
132433,124.4681
132467,127.1739
132500,127.1739
132533,127.1739
132567,127.1739
132600,126.3158
132633,123.1579
132667,123.1579
132700,123.1579
132733,123.1579
132767,123.1579
132800,123.1579
132833,123.1579
132867,123.1579
132900,123.1579
132933,123.1579
132967,124.1379
133000,124.1379
133033,124.4681
133067,124.4681
133100,124.4681
133133,124.4681
133167,124.4681
133200,124.4681
133233,124.4681
133267,124.4681
133300,124.4681
133333,124.4681
133367,124.4681
133400,124.4681
133433,124.7525
133467,124.7525
133500,124.7525
133533,124.4681
133567,124.4681
133600,124.4681
133633,124.4681
133667,124.4681
133700,124.4681
133733,124.4681
133767,124.4681
133800,124.4681
133833,124.4681
133867,124.4681
133900,124.7525
133933,124.7525
133967,124.7525
134000,125.1337
134033,125.1337
134067,125.1337
134100,125.1337
134133,125.1337
134167,125.1337
134200,125.1337
134233,125.1337
134267,125.1337
134300,125.1337
134333,125.1337
134367,125.1337
134400,125.1337
134433,125.1337
134467,125.1337
134500,124.1379
134533,124.4681
134567,124.4681
134600,124.4681
134633,124.4681
134667,124.4681
134700,124.4681
134733,124.4681
134767,124.4681
134800,124.4681
134833,124.4681
134867,124.4681
134900,124.4681
134933,125.1337
134967,125.1337
135000,125.1337
135033,125.1337
135067,125.1337
135100,125.1337
135133,125.1337
135167,125.1337
135200,125.1337
135233,125.1337
135267,125.1337
135300,125.1337
135333,125.1337
135367,125.1337
135400,122.5131
135433,122.5131
135467,122.5131
135500,122.5131
135533,122.5131
135567,122.5131
135600,122.5131
135633,122.5131
135667,122.5131
135700,122.5131
135733,122.5131
135767,122.5131
135800,122.5131
135833,123.5294
135867,123.1579
135900,123.1579
135933,123.1579
135967,123.1579
136000,123.1579
136033,123.1579
136067,123.1579
136100,123.1579
136133,123.1579
136167,123.1579
136200,123.1579
136233,123.1579
136267,123.1579
136300,123.5294
136333,123.8095
136367,123.8095
136400,123.8095
136433,123.8095
136467,123.8095
136500,123.8095
136533,123.8095
136567,123.8095
136600,123.8095
136633,123.8095
136667,123.8095
136700,123.8095
136733,124.7525
136767,124.1379
136800,124.1379
136833,125.1337
136867,125.1337
136900,125.1337
136933,125.1337
136967,125.1337
137000,125.1337
137033,125.1337
137067,125.1337
137100,125.1337
137133,125.8064
137167,126.6332
137200,126.6332
137233,126.6332
137267,126.6332
137300,126.6332
137333,126.6332
137367,125.8064
137400,125.8064
137433,125.8064
137467,125.8064
137500,125.8064
137533,125.8064
137567,125.8064
137600,126.6332
137633,126.6332
137667,126.6332
137700,126.6332
137733,126.6332
137767,126.6332
137800,126.4865
137833,126.4865
137867,126.4865
137900,126.4865
137933,126.4865
137967,126.4865
138000,126.4865
138033,126.4865
138067,126.4865
138100,126.4865
138133,126.4865
138167,124.7525
138200,124.1379
138233,124.1379
138267,123.8095
138300,123.8095
138333,123.8095
138367,123.8095
138400,123.8095
138433,123.8095
138467,124.4681
138500,124.4681
138533,124.4681
138567,124.4681
138600,124.4681
138633,124.7525
138667,124.7525
138700,124.7525
138733,127.8689
138767,127.8689
138800,127.2727
138833,127.2727
138867,127.8689
138900,127.8689
138933,127.8689
138967,127.8689
139000,127.8689
139033,127.8689
139067,127.8689
139100,127.8689
139133,127.8689
139167,126.6332
139200,126.6332
139233,126.6332
139267,126.6332
139300,126.6332
139333,126.6332
139367,125.8064
139400,125.8064
139433,125.8064
139467,125.8064
139500,125.8064
139533,125.8064
139567,125.8064
139600,125.8064
139633,126.0
139667,126.0
139700,126.0
139733,126.0
139767,126.0
139800,125.8064
139833,125.8064
139867,125.8064
139900,125.8064
139933,125.8064
139967,125.8064
140000,125.8064
140033,125.8064
140067,125.8064
140100,125.8064
140133,125.3731
140167,125.3731
140200,125.3731
140233,125.3731
140267,125.1337
140300,125.1337
140333,125.1337
140367,125.1337
140400,125.1337
140433,125.1337
140467,125.1337
140500,125.1337
140533,125.1337
140567,125.1337
140600,125.1337
140633,125.1337
140667,124.1379
140700,124.1379
140733,123.8095
140767,123.8095
140800,123.8095
140833,123.8095
140867,123.8095
140900,123.8095
140933,123.8095
140967,123.8095
141000,123.8095
141033,124.4681
141067,124.4681
141100,124.7525
141133,124.7525
141167,124.7525
141200,123.8095
141233,123.8095
141267,123.8095
141300,123.8095
141333,123.8095
141367,123.8095
141400,123.8095
141433,123.8095
141467,123.8095
141500,123.8095
141533,123.8095
141567,126.0
141600,126.0
141633,128.5714
141667,128.5714
141700,128.5714
141733,128.5714
141767,128.5714
141800,128.5714
141833,128.5714
141867,128.5714
141900,128.5714
141933,128.5714
141967,128.5714
142000,128.5714
142033,128.5714
142067,128.5714
142100,128.5714
142133,128.5714
142167,128.5714
142200,128.5714
142233,127.8689
142267,127.8689
142300,127.8689
142333,127.8689
142367,127.8689
142400,127.9188
142433,127.9188
142467,127.9188
142500,127.9188
142533,127.9188
142567,127.9188
142600,127.9188
142633,127.9188
142667,127.8689
142700,127.8689
142733,127.8689
142767,127.8689
142800,127.8689
142833,127.8689
142867,127.8689
142900,127.8689
142933,127.8689
142967,126.0
143000,126.0
143033,126.0
143067,126.0
143100,126.0
143133,125.1337
143167,125.1337
143200,125.1337
143233,125.1337
143267,125.1337
143300,125.1337
143333,125.1337
143367,125.1337
143400,126.0
143433,125.1337
143467,125.1337
143500,126.0
143533,126.0
143567,125.1337
143600,125.1337
143633,125.1337
143667,125.1337
143700,125.1337
143733,125.1337
143767,125.1337
143800,125.1337
143833,125.1337
143867,125.1337
143900,125.1337
143933,125.1337
143967,125.1337
144000,124.1379
144033,124.1379
144067,120.6186
144100,120.6186
144133,120.6186
144167,120.6186
144200,120.6186
144233,120.6186
144267,120.6186
144300,120.6186
144333,120.6186
144367,120.6186
144400,120.6186
144433,122.0339
144467,122.0339
144500,122.0339
144533,122.5131
144567,122.5131
144600,122.5131
144633,122.5131
144667,122.5131
144700,122.5131
144733,122.5131
144767,122.5131
144800,122.5131
144833,122.5131
144867,122.5131
144900,122.5131
144933,122.5131
144967,123.5294
145000,123.1579
145033,123.1579
145067,123.1579
145100,123.1579
145133,123.1579
145167,123.1579
145200,123.1579
145233,123.1579
145267,123.1579
145300,123.1579
145333,123.1579
145367,123.1579
145400,124.1379
145433,124.1379
145467,125.1337
145500,125.1337
145533,125.1337
145567,125.1337
145600,125.1337
145633,125.1337
145667,125.1337
145700,125.1337
145733,125.1337
145767,125.1337
145800,125.1337
145833,126.0
145867,126.0
145900,126.0
145933,126.0
145967,126.0
146000,125.8064
146033,125.8064
146067,125.8064
146100,125.8064
146133,125.8064
146167,125.8064
146200,125.8064
146233,127.2727
146267,127.2727
146300,127.2727
146333,127.2727
146367,127.2727
146400,127.2727
146433,127.2727
146467,127.8689
146500,127.8689
146533,127.8689
146567,127.8689
146600,127.8689
146633,129.2308
146667,128.5714
146700,128.5714
146733,128.5714
146767,128.5714
146800,128.5714
146833,128.5714
146867,128.5714
146900,128.5714
146933,128.5714
146967,129.2818
147000,129.2818
147033,129.2818
147067,129.2818
147100,129.2818
147133,129.2818
147167,129.2818
147200,129.2818
147233,129.2818
147267,129.2818
147300,129.2818
147333,129.2818
147367,129.2818
147400,129.2818
147433,129.2818
147467,124.4681
147500,124.4681
147533,124.4681
147567,124.4681
147600,124.4681
147633,124.4681
147667,124.4681
147700,124.4681
147733,124.4681
147767,124.4681
147800,125.3731
147833,125.3731
147867,125.3731
147900,125.3731
147933,123.1579
147967,123.1579
148000,123.1579
148033,123.1579
148067,123.1579
148100,123.1579
148133,123.1579
148167,123.1579
148200,123.1579
148233,124.1379
148267,124.1379
148300,124.4681
148333,124.4681
148367,122.7273
148400,122.7273
148433,122.7273
148467,122.0339
148500,122.0339
148533,122.0339
148567,122.0339
148600,122.0339
148633,122.0339
148667,122.0339
148700,122.0339
148733,122.0339
148767,121.4724
148800,121.4724
148833,121.4724
148867,121.4724
148900,121.4724
148933,121.4724
148967,121.4724
149000,121.4724
149033,108.5427
149067,121.4724
149100,107.4627
149133,107.4627
149167,107.4627
149200,107.4627
149233,107.6087
149267,107.6087
149300,107.6087
149333,107.6087
149367,107.6087
149400,107.6087
149433,107.6087
149467,107.6087
149500,107.6087
149533,107.6087
149567,97.82609
149600,97.82609
149633,97.82609
149667,97.82609
149700,97.82609
149733,97.82609
149767,97.82609
149800,84.21053
149833,84.21053
149867,84.21053
149900,84.21053
149933,84.21053
149967,84.21053
150000,84.21053
150033,84.21053
150067,84.21053
150100,84.21053
150133,84.21053
150167,80.19802
150200,80.19802
150233,79.12088
150267,79.12088
150300,69.23076999999999
150333,69.23076999999999
150367,69.23076999999999
150400,69.23076999999999
150433,69.23076999999999
150467,69.23076999999999
150500,69.23076999999999
150533,69.23076999999999
150567,69.23076999999999
150600,69.23076999999999
150633,69.23076999999999
150667,69.23076999999999
150700,69.23076999999999
150733,69.23076999999999
150767,69.23076999999999
150800,69.23076999999999
150833,69.23076999999999
150867,69.23076999999999
150900,64.28571
150933,64.28571
150967,64.28571
151000,64.28571
151033,64.28571
151067,64.28571
151100,64.28571
151133,64.28571
151167,64.28571
151200,64.28571
151233,64.28571
151267,64.28571
151300,64.28571
151333,64.28571
151367,58.06452
151400,58.06452
151433,58.06452
151467,58.06452
151500,58.06452
151533,58.06452
151567,58.06452
151600,58.44156
151633,58.44156
151667,58.44156
151700,58.44156
151733,53.46535
151767,53.46535
151800,47.36842
151833,47.36842
151867,47.36842
151900,47.36842
151933,47.36842
151967,47.36842
152000,47.36842
152033,47.36842
152067,47.36842
152100,47.36842
152133,47.36842
152167,47.36842
152200,47.36842
152233,46.45161
152267,46.45161
152300,46.45161
152333,46.45161
152367,46.45161
152400,46.45161
152433,46.45161
152467,46.45161
152500,46.45161
152533,46.45161
152567,50.0
152600,50.0
152633,50.0
152667,50.0
152700,50.0
152733,50.0
152767,50.0
152800,50.0
152833,50.0
152867,50.0
152900,50.0
152933,50.0
152967,50.0
153000,50.0
153033,50.0
153067,50.0
153100,50.0
153133,50.0
153167,50.0
153200,50.0
153233,50.0
153267,50.0
153300,50.0
153333,50.0
153367,50.0
153400,50.70422
153433,53.57143000000001
153467,53.57143000000001
153500,53.57143000000001
153533,53.57143000000001
153567,53.57143000000001
153600,53.57143000000001
153633,53.57143000000001
153667,53.57143000000001
153700,53.57143000000001
153733,53.57143000000001
153767,53.57143000000001
153800,53.57143000000001
153833,53.57143000000001
153867,53.57143000000001
153900,53.57143000000001
153933,53.57143000000001
153967,53.57143000000001
154000,53.57143000000001
154033,53.57143000000001
154067,53.57143000000001
154100,53.57143000000001
154133,53.57143000000001
154167,53.57143000000001
154200,53.57143000000001
154233,53.57143000000001
154267,53.57143000000001
154300,53.57143000000001
154333,53.57143000000001
154367,53.57143000000001
154400,53.57143000000001
154433,53.57143000000001
154467,54.27136
154500,54.0
154533,54.0
154567,54.0
154600,54.0
154633,54.0
154667,55.21473
154700,55.21473
154733,55.21473
154767,55.21473
154800,55.21473
154833,55.21473
154867,55.21473
154900,55.21473
154967,55.21473
155000,55.21473
155033,55.21473
155067,55.21473
155100,55.21473
155133,55.55556
155167,55.55556
155200,55.55556
155233,55.55556
155267,55.55556
155300,55.55556
155333,55.55556
155367,57.44681
155400,57.44681
155433,57.44681
155467,57.44681
155500,57.44681
155533,57.44681
155567,57.44681
155600,57.44681
155633,57.44681
155667,57.44681
155700,57.44681
155733,57.44681
155767,57.44681
155800,57.44681
155833,57.44681
155867,57.44681
155900,57.44681
155933,57.32484
155967,57.32484
156000,57.32484
156033,57.32484
156067,57.32484
156100,57.32484
156133,57.32484
156167,57.32484
156200,57.32484
156233,57.32484
156267,57.32484
156300,58.37838000000001
156333,58.37838000000001
156367,58.37838000000001
156400,58.37838000000001
156433,58.37838000000001
156467,58.37838000000001
156500,58.37838000000001
156533,58.37838000000001
156567,58.37838000000001
156600,58.37838000000001
156633,58.37838000000001
156667,58.37838000000001
156700,58.37838000000001
156733,58.37838000000001
156767,58.37838000000001
156800,58.37838000000001
156833,58.37838000000001
156867,58.37838000000001
156900,58.37838000000001
156933,58.37838000000001
156967,65.21739000000001
157000,65.21739000000001
157033,65.21739000000001
157067,65.21739000000001
157100,65.21739000000001
157133,65.21739000000001
157167,65.21739000000001
157200,65.21739000000001
157233,65.21739000000001
157267,65.21739000000001
157300,65.21739000000001
157333,65.21739000000001
157367,65.21739000000001
157400,65.21739000000001
157433,65.21739000000001
157467,65.21739000000001
157500,65.21739000000001
157533,65.21739000000001
157567,65.21739000000001
157600,65.21739000000001
157633,65.21739000000001
157667,60.33519
157700,60.33519
157733,60.33519
157767,60.33519
157800,60.33519
157833,60.33519
157867,60.33519
157900,60.33519
157933,60.33519
157967,60.33519
158000,60.33519
158033,60.33519
158067,60.33519
158100,60.33519
158133,60.33519
158167,60.33519
158200,60.33519
158233,64.61539
158267,64.61539
158300,64.61539
158333,64.61539
158367,64.61539
158400,64.61539
158433,64.61539
158467,64.61539
158500,64.61539
158533,63.905330000000006
158567,64.28571
158600,64.28571
158633,64.28571
158667,64.28571
158700,64.28571
158733,64.28571
158767,64.28571
158800,64.28571
158833,64.28571
158867,64.28571
158900,64.28571
158933,64.28571
158967,64.28571
159000,64.28571
159033,64.28571
159067,64.61539
159100,64.61539
159133,64.61539
159167,64.61539
159200,64.61539
159233,64.61539
159267,64.61539
159300,64.61539
159333,64.61539
159367,64.61539
159400,63.905330000000006
159433,63.905330000000006
159467,63.905330000000006
159500,63.905330000000006
159533,63.905330000000006
159567,63.905330000000006
159600,63.905330000000006
159633,63.905330000000006
159667,63.905330000000006
159700,63.905330000000006
159733,63.905330000000006
159767,63.905330000000006
159800,63.905330000000006
159833,65.625
159867,65.625
159900,65.625
159933,65.625
159967,65.625
160000,65.625
160033,65.625
160067,65.625
160100,65.625
160133,65.625
160167,75.0
160200,75.0
160233,75.0
160267,78.75
160300,78.75
160333,78.75
160367,78.75
160400,78.75
160433,78.75
160467,78.75
160500,78.75
160533,78.75
160567,78.75
160600,78.68852
160633,78.68852
160667,78.68852
160700,78.68852
160733,78.68852
160767,78.26087
160800,78.26087
160833,78.26087
160867,78.26087
160900,78.26087
160933,78.26087
160967,78.26087
161000,78.26087
161033,78.26087
161067,78.26087
161100,78.26087
161133,78.26087
161167,80.59702
161200,80.59702
161233,80.59702
161267,80.59702
161300,83.72093000000002
161333,83.72093000000002
161367,83.72093000000002
161400,83.72093000000002
161433,83.72093000000002
161467,83.72093000000002
161500,83.72093000000002
161533,83.72093000000002
161567,83.72093000000002
161600,83.72093000000002
161633,84.21053
161667,84.21053
161700,84.21053
161733,84.21053
161767,84.21053
161800,84.21053
161833,84.21053
161867,84.21053
161900,84.21053
161933,84.21053
161967,84.21053
162000,82.65306
162033,82.65306
162067,82.65306
162100,82.65306
162133,82.65306
162167,82.65306
162200,83.07692
162233,83.07692
162267,83.07692
162300,84.21053
162333,84.21053
162367,84.21053
162400,84.21053
162433,84.70588000000002
162467,84.70588000000002
162500,84.70588000000002
162533,84.70588000000002
162567,85.26316
162600,84.70588000000002
162633,84.70588000000002
162667,84.70588000000002
162700,83.50516
162733,83.50516
162767,83.50516
162800,83.50516
162833,83.50516
162867,83.50516
162900,83.50516
162933,83.50516
162967,83.50516
163000,83.50516
163033,83.50516
163067,82.75862
163100,82.75862
163133,86.63101999999998
163167,82.75862
163200,82.75862
163233,82.75862
163267,85.26316
163300,85.26316
163333,85.26316
163367,75.78947
163400,66.31579
163467,66.66666
163500,67.37968000000001
163533,67.37968000000001
163567,67.37968000000001
163600,68.47825999999999
163633,68.47825999999999
163667,68.47825999999999
163700,68.47825999999999
163733,66.25766999999999
163767,66.25766999999999
163800,66.25766999999999
163833,63.905330000000006
163867,63.905330000000006
163900,63.905330000000006
163933,63.905330000000006
163967,63.52941
164000,63.52941
164033,74.11765
164067,74.11765
164100,74.11765
164133,74.11765
164167,73.09644
164200,73.09644
164233,73.09644
164267,73.09644
164300,73.09644
164333,73.09644
164367,73.09644
164400,73.09644
164433,71.59091
164467,71.59091
164500,71.59091
164533,71.59091
164567,71.59091
164600,71.59091
164633,71.59091
164667,71.59091
164700,71.59091
164733,71.59091
164767,71.59091
164800,71.59091
164833,71.59091
164867,71.59091
164900,72.72726999999998
164933,72.72726999999998
164967,72.72726999999998
165000,72.72726999999998
165033,72.72726999999998
165067,72.72726999999998
165100,72.72726999999998
165133,72.0
165167,72.0
165200,72.0
165233,72.0
165267,72.0
165300,72.0
165333,72.0
165367,72.0
165400,72.0
165433,72.0
165467,72.0
165500,72.0
165533,72.0
165567,72.0
165600,72.0
165633,72.0
165667,72.0
165700,72.36180999999998
165733,72.36180999999998
165767,72.36180999999998
165800,72.36180999999998
165833,72.36180999999998
165867,72.36180999999998
165900,72.0
165933,72.0
165967,72.0
166000,72.0
166033,72.0
166067,72.0
166100,72.0
166133,72.0
166167,72.0
166200,72.0
166233,72.0
166267,72.0
166300,72.0
166333,72.0
166367,72.0
166400,72.0
166433,72.0
166467,72.0
166500,72.36180999999998
166533,72.36180999999998
166567,72.36180999999998
166600,72.36180999999998
166633,72.36180999999998
166667,72.36180999999998
166700,77.77778
166733,77.77778
166767,77.77778
166800,77.77778
166833,77.77778
166867,77.77778
166900,77.77778
166933,77.77778
166967,77.77778
167000,77.77778
167033,77.77778
167067,77.77778
167100,77.77778
167133,77.77778
167167,77.77778
167200,78.26087
167233,78.26087
167267,78.26087
167300,77.83784
167333,77.83784
167367,77.41936
167400,77.41936
167433,77.41936
167467,77.41936
167500,77.41936
167533,77.41936
167567,77.41936
167600,77.41936
167633,77.41936
167667,77.83784
167700,77.83784
167733,77.83784
167767,77.83784
167800,77.83784
167833,77.83784
167867,77.83784
167900,77.83784
167933,77.83784
167967,77.30060999999998
168000,77.30060999999998
168033,77.30060999999998
168067,77.30060999999998
168100,77.00535
168133,77.00535
168167,77.00535
168200,77.00535
168233,77.00535
168267,77.00535
168300,77.00535
168333,77.00535
168367,77.00535
168400,77.00535
168433,77.00535
168467,77.00535
168500,77.00535
168533,76.59574
168567,76.59574
168600,76.19048000000002
168633,76.19048000000002
168667,76.19048000000002
168700,75.0
168733,75.0
168767,75.0
168800,77.00535
168833,75.0
168867,76.19048000000002
168900,76.19048000000002
168933,76.19048000000002
168967,76.19048000000002
169000,66.66666
169033,66.66666
169067,66.66666
169100,66.66666
169133,66.66666
169167,66.66666
169200,66.66666
169233,66.66666
169267,66.66666
169300,66.66666
169333,66.66666
169367,66.66666
169400,64.67066
169433,64.67066
169467,64.67066
169500,64.67066
169533,64.67066
169567,64.67066
169600,64.67066
169633,64.67066
169667,64.67066
169700,64.67066
169733,64.67066
169767,64.67066
169800,64.67066
169833,64.67066
169867,64.67066
169900,64.67066
169933,64.67066
169967,64.67066
170000,64.67066
170033,64.67066
170067,64.67066
170100,64.67066
170133,63.82979
170167,60.0
170200,60.0
170233,60.0
170267,60.0
170300,60.0
170333,60.0
170367,60.0
170400,60.0
170433,60.0
170467,60.0
170500,60.0
170533,60.0
170567,60.0
170600,60.0
170633,60.0
170667,60.0
170700,60.0
170733,60.0
170767,60.0
170800,60.0
170833,60.0
170867,60.0
170900,60.0
170933,60.0
170967,60.0
171000,57.32484
171033,57.32484
171067,57.32484
171100,58.37838000000001
171133,58.37838000000001
171167,58.37838000000001
171200,58.37838000000001
171233,58.37838000000001
171267,58.37838000000001
171300,58.37838000000001
171333,58.37838000000001
171367,58.37838000000001
171400,58.37838000000001
171433,58.37838000000001
171467,58.37838000000001
171500,58.37838000000001
171533,58.37838000000001
171567,58.37838000000001
171600,58.37838000000001
171633,58.37838000000001
171667,58.37838000000001
171700,58.37838000000001
171733,58.37838000000001
171767,55.21473
171800,55.21473
171833,55.21473
171867,59.01639
171900,55.21473
171933,55.21473
171967,55.21473
172000,55.21473
172033,55.21473
172067,55.21473
172100,55.21473
172133,55.21473
172167,55.21473
172200,55.21473
172233,55.21473
172267,55.21473
172300,55.21473
172333,55.21473
172367,55.21473
172400,55.21473
172433,55.21473
172467,52.94118
172500,50.0
172533,50.0
172567,50.0
172600,50.0
172633,50.0
172667,50.0
172700,50.0
172733,50.0
172767,50.0
172800,50.0
172833,50.0
172867,50.0
172900,50.0
172933,50.0
172967,50.0
173000,50.0
173033,50.0
173067,50.0
173100,50.0
173133,50.0
173167,50.0
173200,50.0
173233,50.0
173267,50.0
173300,47.05882
173333,47.05882
173367,47.05882
173400,47.05882
173433,47.05882
173467,47.05882
173500,47.05882
173533,47.05882
173567,47.05882
173600,47.05882
173633,47.05882
173667,47.05882
173700,47.05882
173733,47.05882
173767,47.05882
173800,47.05882
173833,47.05882
173867,47.05882
173900,47.05882
173933,47.05882
173967,47.05882
174000,47.05882
174033,47.05882
174067,47.05882
174100,47.05882
174133,47.05882
174167,47.05882
174200,50.0
174233,50.0
174267,50.0
174300,44.17178
174333,44.17178
174367,44.17178
174400,44.17178
174433,44.17178
174467,44.17178
174500,44.17178
174533,44.17178
174567,44.17178
174600,44.17178
174633,55.21473
174667,55.21473
174700,55.21473
174733,55.21473
174767,55.21473
174800,55.21473
174833,55.21473
174867,55.21473
174900,55.21473
174933,55.21473
174967,55.21473
175000,55.21473
175033,55.21473
175067,66.25766999999999
175100,66.25766999999999
175133,66.25766999999999
175167,66.25766999999999
175200,66.25766999999999
175233,66.25766999999999
175267,66.25766999999999
175300,66.25766999999999
175333,66.25766999999999
175367,66.25766999999999
175400,66.25766999999999
175433,66.25766999999999
175467,66.25766999999999
175500,66.25766999999999
175533,66.25766999999999
175567,66.25766999999999
175600,66.25766999999999
175633,66.25766999999999
175667,66.25766999999999
175700,72.58064
175733,72.58064
175767,58.06452
175800,43.54839000000001
175833,43.54839000000001
175867,43.54839000000001
175900,41.86047
175933,41.86047
175967,41.86047
176000,41.86047
176033,41.86047
176067,41.86047
176100,41.86047
176133,41.86047
176167,41.86047
176200,41.86047
176233,41.86047
176267,41.86047
176300,41.86047
176333,41.86047
176367,41.86047
176400,41.86047
176433,41.86047
176467,41.86047
176500,41.86047
176533,41.86047
176567,41.86047
176600,41.86047
176633,41.86047
176667,41.86047
176700,41.86047
176733,41.86047
176767,41.86047
176800,41.86047
176833,41.86047
176867,41.86047
176900,41.86047
176933,41.86047
176967,41.86047
177000,37.5
177033,42.10526
177067,42.10526
177100,42.10526
177133,42.10526
177167,42.10526
177200,42.10526
177233,42.10526
177267,42.10526
177300,42.10526
177333,42.10526
177367,42.10526
177400,42.10526
177433,42.10526
177467,42.10526
177500,46.875
177533,46.875
177567,46.875
177600,46.875
177633,46.875
177667,37.5
177700,37.5
177733,37.5
177767,37.5
177800,37.5
177833,46.875
177867,46.875
177900,46.875
177933,59.60265
177967,59.60265
178033,59.60265
178067,59.60265
178100,47.36842
178133,59.21053000000001
178167,58.44156
178200,58.44156
178233,58.44156
178267,58.44156
178300,58.44156
178333,61.71429000000001
178367,64.28571
178400,64.28571
178434,64.28571
178467,64.28571
178500,64.28571
178534,64.28571
178567,64.28571
178600,64.28571
178634,64.28571
178667,64.28571
178700,64.28571
178734,64.28571
178767,64.28571
178800,64.28571
178834,64.28571
178867,64.28571
178900,64.28571
178934,64.28571
178967,64.28571
179000,64.28571
179034,64.28571
179067,64.28571
179100,64.28571
179134,64.28571
179167,64.28571
179200,64.28571
179234,64.28571
179267,64.28571
179300,64.28571
179334,64.28571
179367,64.28571
179400,64.28571
179434,64.28571
179467,64.28571
179500,64.28571
179534,64.28571
179567,64.28571
179600,64.28571
179634,64.28571
179667,64.28571
179700,64.28571
179734,64.28571
179767,64.28571
179800,64.28571
179834,64.28571
179867,64.28571
179900,64.28571
179934,64.28571
179967,64.28571
180000,64.28571
180034,64.28571
180067,64.28571
180100,64.28571
180134,64.28571
180167,64.28571
180200,64.28571
180234,64.28571
180267,64.28571
180300,64.28571
180334,64.28571
180367,64.28571
180400,64.28571
180434,64.28571
180467,64.28571
180500,64.28571
180534,64.28571
180567,64.28571
180600,64.28571
180634,64.28571
180667,64.28571
180700,64.28571
180734,64.28571
180767,64.28571
180800,64.28571
180834,64.28571
180867,64.28571
180900,64.28571
180934,64.28571
180967,64.28571
181000,64.28571
181034,64.28571
181067,64.28571
181100,64.28571
181134,64.28571
181167,64.28571
181200,64.28571
181234,64.28571
181267,64.28571
181300,64.28571
181334,64.28571
181367,64.28571
181400,64.28571
181434,64.28571
181467,64.28571
181500,64.28571
181534,64.28571
181567,64.28571
181600,64.28571
181634,64.28571
181667,64.28571
181700,64.28571
181734,64.28571
181767,64.28571
181800,64.28571
181834,64.28571
181867,64.28571
181900,64.28571
181934,64.28571
181967,64.28571
182000,64.28571
182034,64.28571
182067,64.28571
182100,64.28571
182134,64.28571
182167,64.28571
182200,64.28571
182234,64.28571
182267,64.28571
182300,64.28571
182334,64.28571
182367,64.28571
182400,64.28571
182434,64.28571
182467,64.28571
182500,64.28571
182534,64.28571
182567,64.28571
182600,64.28571
182634,64.28571
182667,64.28571
182700,64.28571
182734,64.28571
182767,64.28571
182800,64.28571
182834,64.28571
182867,64.28571
182900,64.28571
182934,64.28571
182967,64.28571
183000,64.28571
183034,64.28571
183067,64.28571
183100,64.28571
183134,64.28571
183167,64.28571
183200,64.28571
183234,64.28571
183267,64.28571
183300,64.28571
183334,64.28571
183367,64.28571
183400,64.28571
183434,64.28571
183467,64.28571
183500,64.28571
183534,64.28571
183567,64.28571
183600,64.28571
183634,64.28571
183667,64.28571
183700,64.28571
183734,64.28571
183767,64.28571
183800,64.28571
183834,64.28571
183867,64.28571
183900,64.28571
183934,64.28571
183967,64.28571
184000,64.28571
184034,64.28571
184067,64.28571
184100,64.28571
184134,64.28571
184167,64.28571
184200,64.28571
184234,64.28571
184267,64.28571
184300,64.28571
184334,64.28571
184367,64.28571
184400,64.28571
184434,64.28571
184467,64.28571
184500,64.28571
184534,64.28571
184567,64.28571
184600,64.28571
184634,64.28571
184667,64.28571
184700,64.28571
184734,64.28571
184767,64.28571
184800,64.28571
184834,64.28571
184867,64.28571
184900,64.28571
184934,64.28571
184967,64.28571
185000,64.28571
185034,64.28571
185067,64.28571
185100,64.28571
185134,64.28571
185167,64.28571
185200,64.28571
